Group,Area,M664,Reference,Type
Alcohol,Afghanistan,0,0,B
Alcohol,Africa,45,0,B
Alcohol,Albania,72,0,B
Alcohol,Algeria,7,0,B
Alcohol,Americas,106,0,B
Alcohol,Angola,116,0,B
Alcohol,Antigua and Barbuda,84,0,B
Alcohol,Argentina,106,0,B
Alcohol,Armenia,13,0,B
Alcohol,Asia,47,0,B
Alcohol,Australia,136,0,B
Alcohol,Australia & New Zealand,132,0,B
Alcohol,Austria,244,0,B
Alcohol,Azerbaijan,154,0,B
Alcohol,Bahamas,106,0,B
Alcohol,Bangladesh,0,0,B
Alcohol,Barbados,86,0,B
Alcohol,Belarus,215,0,B
Alcohol,Belgium,171,0,B
Alcohol,Belgium-Luxembourg,0,0,B
Alcohol,Belize,90,0,B
Alcohol,Benin,16,0,B
Alcohol,Bermuda,78,0,B
Alcohol,Bolivia (Plurinational State of),41,0,B
Alcohol,Bosnia and Herzegovina,234,0,B
Alcohol,Botswana,82,0,B
Alcohol,Brazil,98,0,B
Alcohol,Brunei Darussalam,10,0,B
Alcohol,Bulgaria,191,0,B
Alcohol,Burkina Faso,180,0,B
Alcohol,Cabo Verde,60,0,B
Alcohol,Cambodia,54,0,B
Alcohol,Cameroon,88,0,B
Alcohol,Canada,104,0,B
Alcohol,Caribbean,73,0,B
Alcohol,Central African Republic,20,0,B
Alcohol,Central America,54,0,B
Alcohol,Central Asia,47,0,B
Alcohol,Chad,6,0,B
Alcohol,Chile,95,0,B
Alcohol,China,96,0,B
Alcohol,"China, Hong Kong SAR",50,0,B
Alcohol,"China, Macao SAR",102,0,B
Alcohol,"China, mainland",96,0,B
Alcohol,"China, Taiwan Province of",81,0,B
Alcohol,Colombia,60,0,B
Alcohol,Congo,53,0,B
Alcohol,Costa Rica,82,0,B
Alcohol,Côte d'Ivoire,52,0,B
Alcohol,Croatia,159,0,B
Alcohol,Cuba,65,0,B
Alcohol,Cyprus,95,0,B
Alcohol,Czechia,254,0,B
Alcohol,Czechoslovakia,0,0,B
Alcohol,Democratic People's Republic of Korea,54,0,B
Alcohol,Denmark,164,0,B
Alcohol,Djibouti,15,0,B
Alcohol,Dominica,91,0,B
Alcohol,Dominican Republic,85,0,B
Alcohol,Eastern Africa,37,0,B
Alcohol,Eastern Asia,98,0,B
Alcohol,Eastern Europe,171,0,B
Alcohol,Ecuador,50,0,B
Alcohol,Egypt,1,0,B
Alcohol,El Salvador,49,0,B
Alcohol,Estonia,396,0,B
Alcohol,Ethiopia,20,0,B
Alcohol,Ethiopia PDR,0,0,B
Alcohol,Europe,168,0,B
Alcohol,European Union,171,0,B
Alcohol,Fiji,43,0,B
Alcohol,Finland,164,0,B
Alcohol,France,130,0,B
Alcohol,French Polynesia,88,0,B
Alcohol,Gabon,129,0,B
Alcohol,Gambia,27,0,B
Alcohol,Georgia,66,0,B
Alcohol,Germany,255,0,B
Alcohol,Ghana,17,0,B
Alcohol,Greece,99,0,B
Alcohol,Grenada,93,0,B
Alcohol,Guatemala,25,0,B
Alcohol,Guinea,3,0,B
Alcohol,Guinea-Bissau,33,0,B
Alcohol,Guyana,60,0,B
Alcohol,Haiti,71,0,B
Alcohol,Honduras,42,0,B
Alcohol,Hungary,182,0,B
Alcohol,Iceland,131,0,B
Alcohol,India,14,0,B
Alcohol,Indonesia,2,0,B
Alcohol,Iran (Islamic Republic of),0,0,B
Alcohol,Iraq,5,0,B
Alcohol,Ireland,306,0,B
Alcohol,Israel,42,0,B
Alcohol,Italy,101,0,B
Alcohol,Jamaica,63,0,B
Alcohol,Japan,130,0,B
Alcohol,Jordan,2,0,B
Alcohol,Kazakhstan,97,0,B
Alcohol,Kenya,26,0,B
Alcohol,Kiribati,4,0,B
Alcohol,Kuwait,0,0,B
Alcohol,Kyrgyzstan,44,0,B
Alcohol,Land Locked Developing Countries,41,0,B
Alcohol,Lao People's Democratic Republic,58,0,B
Alcohol,Latvia,184,0,B
Alcohol,Least Developed Countries,24,0,B
Alcohol,Lebanon,37,0,B
Alcohol,Lesotho,34,0,B
Alcohol,Liberia,33,0,B
Alcohol,Lithuania,287,0,B
Alcohol,Low Income Food Deficit Countries,22,0,B
Alcohol,Luxembourg,306,0,B
Alcohol,Madagascar,11,0,B
Alcohol,Malawi,22,0,B
Alcohol,Malaysia,10,0,B
Alcohol,Maldives,19,0,B
Alcohol,Mali,6,0,B
Alcohol,Malta,118,0,B
Alcohol,Mauritania,0,0,B
Alcohol,Mauritius,51,0,B
Alcohol,Melanesia,40,0,B
Alcohol,Mexico,56,0,B
Alcohol,Micronesia,4,0,B
Alcohol,Middle Africa,75,0,B
Alcohol,Mongolia,82,0,B
Alcohol,Montenegro,84,0,B
Alcohol,Morocco,8,0,B
Alcohol,Mozambique,11,0,B
Alcohol,Myanmar,8,0,B
Alcohol,Namibia,122,0,B
Alcohol,Nepal,5,0,B
Alcohol,Net Food Importing Developing Countries,25,0,B
Alcohol,Netherlands,133,0,B
Alcohol,Netherlands Antilles (former),0,0,B
Alcohol,New Caledonia,120,0,B
Alcohol,New Zealand,109,0,B
Alcohol,Nicaragua,35,0,B
Alcohol,Niger,2,0,B
Alcohol,Nigeria,76,0,B
Alcohol,Northern Africa,9,0,B
Alcohol,Northern America,153,0,B
Alcohol,Northern Europe,165,0,B
Alcohol,Norway,119,0,B
Alcohol,Oceania,124,0,B
Alcohol,Oman,5,0,B
Alcohol,Pakistan,0,0,B
Alcohol,Panama,106,0,B
Alcohol,Paraguay,80,0,B
Alcohol,Peru,75,0,B
Alcohol,Philippines,46,0,B
Alcohol,Poland,185,0,B
Alcohol,Polynesia,62,0,B
Alcohol,Portugal,214,0,B
Alcohol,Republic of Korea,135,0,B
Alcohol,Republic of Moldova,108,0,B
Alcohol,Romania,158,0,B
Alcohol,Russian Federation,165,0,B
Alcohol,Rwanda,29,0,B
Alcohol,Saint Kitts and Nevis,79,0,B
Alcohol,Saint Lucia,119,0,B
Alcohol,Saint Vincent and the Grenadines,114,0,B
Alcohol,Samoa,24,0,B
Alcohol,Sao Tome and Principe,62,0,B
Alcohol,Saudi Arabia,0,0,B
Alcohol,Senegal,3,0,B
Alcohol,Serbia,164,0,B
Alcohol,Serbia and Montenegro,0,0,B
Alcohol,Sierra Leone,50,0,B
Alcohol,Slovakia,151,0,B
Alcohol,Slovenia,133,0,B
Alcohol,Small Island Developing States,68,0,B
Alcohol,Solomon Islands,8,0,B
Alcohol,South Africa,148,0,B
Alcohol,South America,89,0,B
Alcohol,South-Eastern Asia,31,0,B
Alcohol,Southern Africa,139,0,B
Alcohol,Southern Asia,10,0,B
Alcohol,Southern Europe,134,0,B
Alcohol,Spain,157,0,B
Alcohol,Sri Lanka,10,0,B
Alcohol,Sudan,20,0,B
Alcohol,Sudan (former),0,0,B
Alcohol,Suriname,88,0,B
Alcohol,Swaziland,84,0,B
Alcohol,Sweden,140,0,B
Alcohol,Switzerland,171,0,B
Alcohol,Tajikistan,5,0,B
Alcohol,Thailand,124,0,B
Alcohol,The former Yugoslav Republic of Macedonia,53,0,B
Alcohol,Timor-Leste,8,0,B
Alcohol,Togo,19,0,B
Alcohol,Trinidad and Tobago,59,0,B
Alcohol,Tunisia,19,0,B
Alcohol,Turkey,27,0,B
Alcohol,Turkmenistan,15,0,B
Alcohol,Uganda,83,0,B
Alcohol,Ukraine,162,0,B
Alcohol,United Kingdom,152,0,B
Alcohol,United Republic of Tanzania,63,0,B
Alcohol,United States of America,159,0,B
Alcohol,Uruguay,83,0,B
Alcohol,USSR,0,0,B
Alcohol,Uzbekistan,39,0,B
Alcohol,Vanuatu,15,0,B
Alcohol,Venezuela (Bolivarian Republic of),91,0,B
Alcohol,Viet Nam,38,0,B
Alcohol,Western Africa,57,0,B
Alcohol,Western Asia,21,0,B
Alcohol,Western Europe,195,0,B
Alcohol,World,68,0,B
Alcohol,Yemen,1,0,B
Alcohol,Yugoslav SFR,0,0,B
Alcohol,Zambia,31,0,B
Alcohol,Zimbabwe,77,0,B
Dairy,Afghanistan,103,409,A
Dairy,Africa,74,409,A
Dairy,Albania,533,409,A
Dairy,Algeria,227,409,A
Dairy,Americas,252,409,A
Dairy,Angola,20,409,A
Dairy,Antigua and Barbuda,232,409,A
Dairy,Argentina,257,409,A
Dairy,Armenia,351,409,A
Dairy,Asia,98,409,A
Dairy,Australia,341,409,A
Dairy,Australia & New Zealand,312,409,A
Dairy,Austria,311,409,A
Dairy,Azerbaijan,235,409,A
Dairy,Bahamas,187,409,A
Dairy,Bangladesh,37,409,A
Dairy,Barbados,198,409,A
Dairy,Belarus,176,409,A
Dairy,Belgium,431,409,A
Dairy,Belgium-Luxembourg,0,409,A
Dairy,Belize,125,409,A
Dairy,Benin,16,409,A
Dairy,Bermuda,140,409,A
Dairy,Bolivia (Plurinational State of),74,409,A
Dairy,Bosnia and Herzegovina,287,409,A
Dairy,Botswana,206,409,A
Dairy,Brazil,252,409,A
Dairy,Brunei Darussalam,139,409,A
Dairy,Bulgaria,260,409,A
Dairy,Burkina Faso,61,409,A
Dairy,Cabo Verde,200,409,A
Dairy,Cambodia,6,409,A
Dairy,Cameroon,28,409,A
Dairy,Canada,245,409,A
Dairy,Caribbean,113,409,A
Dairy,Central African Republic,23,409,A
Dairy,Central America,159,409,A
Dairy,Central Asia,283,409,A
Dairy,Chad,38,409,A
Dairy,Chile,153,409,A
Dairy,China,59,409,A
Dairy,"China, Hong Kong SAR",191,409,A
Dairy,"China, Macao SAR",87,409,A
Dairy,"China, mainland",58,409,A
Dairy,"China, Taiwan Province of",65,409,A
Dairy,Colombia,179,409,A
Dairy,Congo,20,409,A
Dairy,Costa Rica,295,409,A
Dairy,Côte d'Ivoire,12,409,A
Dairy,Croatia,317,409,A
Dairy,Cuba,146,409,A
Dairy,Cyprus,228,409,A
Dairy,Czechia,301,409,A
Dairy,Czechoslovakia,0,409,A
Dairy,Democratic People's Republic of Korea,6,409,A
Dairy,Denmark,378,409,A
Dairy,Djibouti,105,409,A
Dairy,Dominica,221,409,A
Dairy,Dominican Republic,117,409,A
Dairy,Eastern Africa,66,409,A
Dairy,Eastern Asia,62,409,A
Dairy,Eastern Europe,282,409,A
Dairy,Ecuador,229,409,A
Dairy,Egypt,94,409,A
Dairy,El Salvador,195,409,A
Dairy,Estonia,420,409,A
Dairy,Ethiopia,72,409,A
Dairy,Ethiopia PDR,0,409,A
Dairy,Europe,319,409,A
Dairy,European Union,337,409,A
Dairy,Fiji,67,409,A
Dairy,Finland,539,409,A
Dairy,France,362,409,A
Dairy,French Polynesia,178,409,A
Dairy,Gabon,55,409,A
Dairy,Gambia,86,409,A
Dairy,Georgia,254,409,A
Dairy,Germany,365,409,A
Dairy,Ghana,13,409,A
Dairy,Greece,392,409,A
Dairy,Grenada,164,409,A
Dairy,Guatemala,78,409,A
Dairy,Guinea,36,409,A
Dairy,Guinea-Bissau,37,409,A
Dairy,Guyana,205,409,A
Dairy,Haiti,45,409,A
Dairy,Honduras,144,409,A
Dairy,Hungary,252,409,A
Dairy,Iceland,582,409,A
Dairy,India,129,409,A
Dairy,Indonesia,19,409,A
Dairy,Iran (Islamic Republic of),66,409,A
Dairy,Iraq,34,409,A
Dairy,Ireland,386,409,A
Dairy,Israel,282,409,A
Dairy,Italy,288,409,A
Dairy,Jamaica,162,409,A
Dairy,Japan,113,409,A
Dairy,Jordan,133,409,A
Dairy,Kazakhstan,480,409,A
Dairy,Kenya,165,409,A
Dairy,Kiribati,14,409,A
Dairy,Kuwait,217,409,A
Dairy,Kyrgyzstan,376,409,A
Dairy,Land Locked Developing Countries,114,409,A
Dairy,Lao People's Democratic Republic,7,409,A
Dairy,Latvia,360,409,A
Dairy,Least Developed Countries,66,409,A
Dairy,Lebanon,171,409,A
Dairy,Lesotho,40,409,A
Dairy,Liberia,6,409,A
Dairy,Lithuania,317,409,A
Dairy,Low Income Food Deficit Countries,117,409,A
Dairy,Luxembourg,385,409,A
Dairy,Madagascar,43,409,A
Dairy,Malawi,13,409,A
Dairy,Malaysia,56,409,A
Dairy,Maldives,204,409,A
Dairy,Mali,211,409,A
Dairy,Malta,312,409,A
Dairy,Mauritania,307,409,A
Dairy,Mauritius,147,409,A
Dairy,Melanesia,73,409,A
Dairy,Mexico,163,409,A
Dairy,Micronesia,14,409,A
Dairy,Middle Africa,27,409,A
Dairy,Mongolia,244,409,A
Dairy,Montenegro,514,409,A
Dairy,Morocco,73,409,A
Dairy,Mozambique,8,409,A
Dairy,Myanmar,50,409,A
Dairy,Namibia,110,409,A
Dairy,Nepal,109,409,A
Dairy,Net Food Importing Developing Countries,113,409,A
Dairy,Netherlands,460,409,A
Dairy,Netherlands Antilles (former),0,409,A
Dairy,New Caledonia,232,409,A
Dairy,New Zealand,169,409,A
Dairy,Nicaragua,139,409,A
Dairy,Niger,86,409,A
Dairy,Nigeria,12,409,A
Dairy,Northern Africa,162,409,A
Dairy,Northern America,356,409,A
Dairy,Northern Europe,371,409,A
Dairy,Norway,375,409,A
Dairy,Oceania,294,409,A
Dairy,Oman,271,409,A
Dairy,Pakistan,321,409,A
Dairy,Panama,185,409,A
Dairy,Paraguay,132,409,A
Dairy,Peru,102,409,A
Dairy,Philippines,18,409,A
Dairy,Poland,288,409,A
Dairy,Polynesia,137,409,A
Dairy,Portugal,262,409,A
Dairy,Republic of Korea,41,409,A
Dairy,Republic of Moldova,335,409,A
Dairy,Romania,431,409,A
Dairy,Russian Federation,282,409,A
Dairy,Rwanda,12,409,A
Dairy,Saint Kitts and Nevis,215,409,A
Dairy,Saint Lucia,156,409,A
Dairy,Saint Vincent and the Grenadines,135,409,A
Dairy,Samoa,77,409,A
Dairy,Sao Tome and Principe,35,409,A
Dairy,Saudi Arabia,153,409,A
Dairy,Senegal,30,409,A
Dairy,Serbia,230,409,A
Dairy,Serbia and Montenegro,0,409,A
Dairy,Sierra Leone,12,409,A
Dairy,Slovakia,189,409,A
Dairy,Slovenia,328,409,A
Dairy,Small Island Developing States,110,409,A
Dairy,Solomon Islands,19,409,A
Dairy,South Africa,85,409,A
Dairy,South America,213,409,A
Dairy,South-Eastern Asia,27,409,A
Dairy,Southern Africa,89,409,A
Dairy,Southern Asia,136,409,A
Dairy,Southern Europe,286,409,A
Dairy,Spain,252,409,A
Dairy,Sri Lanka,63,409,A
Dairy,Sudan,315,409,A
Dairy,Sudan (former),0,409,A
Dairy,Suriname,75,409,A
Dairy,Swaziland,108,409,A
Dairy,Sweden,453,409,A
Dairy,Switzerland,412,409,A
Dairy,Tajikistan,97,409,A
Dairy,Thailand,45,409,A
Dairy,The former Yugoslav Republic of Macedonia,204,409,A
Dairy,Timor-Leste,11,409,A
Dairy,Togo,10,409,A
Dairy,Trinidad and Tobago,171,409,A
Dairy,Tunisia,175,409,A
Dairy,Turkey,309,409,A
Dairy,Turkmenistan,223,409,A
Dairy,Uganda,64,409,A
Dairy,Ukraine,236,409,A
Dairy,United Arab Emirates,220,409,A
Dairy,United Kingdom,342,409,A
Dairy,United Republic of Tanzania,59,409,A
Dairy,United States of America,368,409,A
Dairy,Uruguay,327,409,A
Dairy,USSR,0,409,A
Dairy,Uzbekistan,217,409,A
Dairy,Vanuatu,51,409,A
Dairy,Venezuela (Bolivarian Republic of),147,409,A
Dairy,Viet Nam,27,409,A
Dairy,Western Africa,34,409,A
Dairy,Western Asia,197,409,A
Dairy,Western Europe,376,409,A
Dairy,World,140,409,A
Dairy,Yemen,55,409,A
Dairy,Yugoslav SFR,0,409,A
Dairy,Zambia,15,409,A
Dairy,Zimbabwe,49,409,A
Fats & Oils,Afghanistan,125,98,B
Fats & Oils,Africa,224,98,B
Fats & Oils,Albania,223,98,B
Fats & Oils,Algeria,378,98,B
Fats & Oils,Americas,533,98,B
Fats & Oils,Angola,228,98,B
Fats & Oils,Antigua and Barbuda,285,98,B
Fats & Oils,Argentina,410,98,B
Fats & Oils,Armenia,344,98,B
Fats & Oils,Asia,263,98,B
Fats & Oils,Australia,685,98,B
Fats & Oils,Australia & New Zealand,655,98,B
Fats & Oils,Austria,904,98,B
Fats & Oils,Azerbaijan,138,98,B
Fats & Oils,Bahamas,260,98,B
Fats & Oils,Bangladesh,161,98,B
Fats & Oils,Barbados,293,98,B
Fats & Oils,Belarus,586,98,B
Fats & Oils,Belgium,867,98,B
Fats & Oils,Belgium-Luxembourg,0,98,B
Fats & Oils,Belize,321,98,B
Fats & Oils,Benin,166,98,B
Fats & Oils,Bermuda,261,98,B
Fats & Oils,Bolivia (Plurinational State of),146,98,B
Fats & Oils,Bosnia and Herzegovina,189,98,B
Fats & Oils,Botswana,312,98,B
Fats & Oils,Brazil,502,98,B
Fats & Oils,Brunei Darussalam,271,98,B
Fats & Oils,Bulgaria,444,98,B
Fats & Oils,Burkina Faso,180,98,B
Fats & Oils,Cabo Verde,285,98,B
Fats & Oils,Cambodia,83,98,B
Fats & Oils,Cameroon,243,98,B
Fats & Oils,Canada,745,98,B
Fats & Oils,Caribbean,307,98,B
Fats & Oils,Central African Republic,305,98,B
Fats & Oils,Central America,316,98,B
Fats & Oils,Central Asia,348,98,B
Fats & Oils,Chad,84,98,B
Fats & Oils,Chile,265,98,B
Fats & Oils,China,220,98,B
Fats & Oils,"China, Hong Kong SAR",366,98,B
Fats & Oils,"China, Macao SAR",370,98,B
Fats & Oils,"China, mainland",212,98,B
Fats & Oils,"China, Taiwan Province of",585,98,B
Fats & Oils,Colombia,392,98,B
Fats & Oils,Congo,247,98,B
Fats & Oils,Costa Rica,449,98,B
Fats & Oils,Côte d'Ivoire,315,98,B
Fats & Oils,Croatia,451,98,B
Fats & Oils,Cuba,201,98,B
Fats & Oils,Cyprus,449,98,B
Fats & Oils,Czechia,725,98,B
Fats & Oils,Czechoslovakia,0,98,B
Fats & Oils,Democratic People's Republic of Korea,162,98,B
Fats & Oils,Denmark,513,98,B
Fats & Oils,Djibouti,340,98,B
Fats & Oils,Dominica,194,98,B
Fats & Oils,Dominican Republic,458,98,B
Fats & Oils,Eastern Africa,143,98,B
Fats & Oils,Eastern Asia,240,98,B
Fats & Oils,Eastern Europe,472,98,B
Fats & Oils,Ecuador,470,98,B
Fats & Oils,Egypt,194,98,B
Fats & Oils,El Salvador,202,98,B
Fats & Oils,Estonia,243,98,B
Fats & Oils,Ethiopia,79,98,B
Fats & Oils,Ethiopia PDR,0,98,B
Fats & Oils,Europe,575,98,B
Fats & Oils,European Union,638,98,B
Fats & Oils,Fiji,424,98,B
Fats & Oils,Finland,369,98,B
Fats & Oils,France,686,98,B
Fats & Oils,French Polynesia,437,98,B
Fats & Oils,Gabon,160,98,B
Fats & Oils,Gambia,400,98,B
Fats & Oils,Georgia,229,98,B
Fats & Oils,Germany,682,98,B
Fats & Oils,Ghana,181,98,B
Fats & Oils,Greece,676,98,B
Fats & Oils,Grenada,332,98,B
Fats & Oils,Guatemala,205,98,B
Fats & Oils,Guinea,362,98,B
Fats & Oils,Guinea-Bissau,356,98,B
Fats & Oils,Guyana,109,98,B
Fats & Oils,Haiti,260,98,B
Fats & Oils,Honduras,332,98,B
Fats & Oils,Hungary,754,98,B
Fats & Oils,Iceland,368,98,B
Fats & Oils,India,277,98,B
Fats & Oils,Indonesia,256,98,B
Fats & Oils,Iran (Islamic Republic of),343,98,B
Fats & Oils,Iraq,373,98,B
Fats & Oils,Ireland,474,98,B
Fats & Oils,Israel,702,98,B
Fats & Oils,Italy,799,98,B
Fats & Oils,Jamaica,312,98,B
Fats & Oils,Japan,390,98,B
Fats & Oils,Jordan,540,98,B
Fats & Oils,Kazakhstan,569,98,B
Fats & Oils,Kenya,160,98,B
Fats & Oils,Kiribati,145,98,B
Fats & Oils,Kuwait,464,98,B
Fats & Oils,Kyrgyzstan,184,98,B
Fats & Oils,Land Locked Developing Countries,186,98,B
Fats & Oils,Lao People's Democratic Republic,69,98,B
Fats & Oils,Latvia,459,98,B
Fats & Oils,Least Developed Countries,174,98,B
Fats & Oils,Lebanon,463,98,B
Fats & Oils,Lesotho,30,98,B
Fats & Oils,Liberia,410,98,B
Fats & Oils,Lithuania,302,98,B
Fats & Oils,Low Income Food Deficit Countries,251,98,B
Fats & Oils,Luxembourg,362,98,B
Fats & Oils,Madagascar,65,98,B
Fats & Oils,Malawi,93,98,B
Fats & Oils,Malaysia,422,98,B
Fats & Oils,Maldives,98,98,B
Fats & Oils,Mali,204,98,B
Fats & Oils,Malta,366,98,B
Fats & Oils,Mauritania,340,98,B
Fats & Oils,Mauritius,495,98,B
Fats & Oils,Melanesia,297,98,B
Fats & Oils,Mexico,331,98,B
Fats & Oils,Micronesia,145,98,B
Fats & Oils,Middle Africa,211,98,B
Fats & Oils,Mongolia,254,98,B
Fats & Oils,Montenegro,267,98,B
Fats & Oils,Morocco,341,98,B
Fats & Oils,Mozambique,219,98,B
Fats & Oils,Myanmar,225,98,B
Fats & Oils,Namibia,199,98,B
Fats & Oils,Nepal,274,98,B
Fats & Oils,Net Food Importing Developing Countries,224,98,B
Fats & Oils,Netherlands,452,98,B
Fats & Oils,Netherlands Antilles (former),0,98,B
Fats & Oils,New Caledonia,414,98,B
Fats & Oils,New Zealand,493,98,B
Fats & Oils,Nicaragua,254,98,B
Fats & Oils,Niger,136,98,B
Fats & Oils,Nigeria,282,98,B
Fats & Oils,Northern Africa,266,98,B
Fats & Oils,Northern America,785,98,B
Fats & Oils,Northern Europe,523,98,B
Fats & Oils,Norway,592,98,B
Fats & Oils,Oceania,626,98,B
Fats & Oils,Oman,351,98,B
Fats & Oils,Pakistan,380,98,B
Fats & Oils,Panama,354,98,B
Fats & Oils,Paraguay,408,98,B
Fats & Oils,Peru,186,98,B
Fats & Oils,Philippines,172,98,B
Fats & Oils,Poland,520,98,B
Fats & Oils,Polynesia,390,98,B
Fats & Oils,Portugal,703,98,B
Fats & Oils,Republic of Korea,503,98,B
Fats & Oils,Republic of Moldova,409,98,B
Fats & Oils,Romania,396,98,B
Fats & Oils,Russian Federation,446,98,B
Fats & Oils,Rwanda,61,98,B
Fats & Oils,Saint Kitts and Nevis,366,98,B
Fats & Oils,Saint Lucia,187,98,B
Fats & Oils,Saint Vincent and the Grenadines,240,98,B
Fats & Oils,Samoa,321,98,B
Fats & Oils,Sao Tome and Principe,238,98,B
Fats & Oils,Saudi Arabia,535,98,B
Fats & Oils,Senegal,423,98,B
Fats & Oils,Serbia,185,98,B
Fats & Oils,Serbia and Montenegro,0,98,B
Fats & Oils,Sierra Leone,359,98,B
Fats & Oils,Slovakia,552,98,B
Fats & Oils,Slovenia,479,98,B
Fats & Oils,Small Island Developing States,305,98,B
Fats & Oils,Solomon Islands,100,98,B
Fats & Oils,South Africa,326,98,B
Fats & Oils,South America,425,98,B
Fats & Oils,South-Eastern Asia,214,98,B
Fats & Oils,Southern Africa,304,98,B
Fats & Oils,Southern Asia,277,98,B
Fats & Oils,Southern Europe,673,98,B
Fats & Oils,Spain,710,98,B
Fats & Oils,Sri Lanka,79,98,B
Fats & Oils,Sudan,184,98,B
Fats & Oils,Sudan (former),0,98,B
Fats & Oils,Suriname,398,98,B
Fats & Oils,Swaziland,123,98,B
Fats & Oils,Sweden,525,98,B
Fats & Oils,Switzerland,633,98,B
Fats & Oils,Tajikistan,238,98,B
Fats & Oils,Thailand,192,98,B
Fats & Oils,The former Yugoslav Republic of Macedonia,527,98,B
Fats & Oils,Timor-Leste,173,98,B
Fats & Oils,Togo,202,98,B
Fats & Oils,Trinidad and Tobago,403,98,B
Fats & Oils,Tunisia,480,98,B
Fats & Oils,Turkey,621,98,B
Fats & Oils,Turkmenistan,267,98,B
Fats & Oils,Uganda,204,98,B
Fats & Oils,Ukraine,408,98,B
Fats & Oils,United Arab Emirates,254,98,B
Fats & Oils,United Kingdom,556,98,B
Fats & Oils,United Republic of Tanzania,186,98,B
Fats & Oils,United States of America,790,98,B
Fats & Oils,Uruguay,359,98,B
Fats & Oils,USSR,0,98,B
Fats & Oils,Uzbekistan,297,98,B
Fats & Oils,Vanuatu,169,98,B
Fats & Oils,Venezuela (Bolivarian Republic of),429,98,B
Fats & Oils,Viet Nam,119,98,B
Fats & Oils,Western Africa,267,98,B
Fats & Oils,Western Asia,464,98,B
Fats & Oils,Western Europe,682,98,B
Fats & Oils,World,331,98,B
Fats & Oils,Yemen,214,98,B
Fats & Oils,Yugoslav SFR,0,98,B
Fats & Oils,Zambia,122,98,B
Fats & Oils,Zimbabwe,300,98,B
Fruits,Afghanistan,50,203,A
Fruits,Africa,81,203,A
Fruits,Albania,248,203,A
Fruits,Algeria,230,203,A
Fruits,Americas,118,203,A
Fruits,Angola,130,203,A
Fruits,Antigua and Barbuda,170,203,A
Fruits,Argentina,94,203,A
Fruits,Armenia,176,203,A
Fruits,Asia,97,203,A
Fruits,Australia,123,203,A
Fruits,Australia & New Zealand,123,203,A
Fruits,Austria,196,203,A
Fruits,Azerbaijan,123,203,A
Fruits,Bahamas,223,203,A
Fruits,Bangladesh,30,203,A
Fruits,Barbados,99,203,A
Fruits,Belarus,98,203,A
Fruits,Belgium,97,203,A
Fruits,Belgium-Luxembourg,0,203,A
Fruits,Belize,129,203,A
Fruits,Benin,72,203,A
Fruits,Bermuda,211,203,A
Fruits,Bolivia (Plurinational State of),45,203,A
Fruits,Bosnia and Herzegovina,146,203,A
Fruits,Botswana,47,203,A
Fruits,Brazil,125,203,A
Fruits,Brunei Darussalam,67,203,A
Fruits,Bulgaria,101,203,A
Fruits,Burkina Faso,8,203,A
Fruits,Cabo Verde,100,203,A
Fruits,Cambodia,33,203,A
Fruits,Cameroon,120,203,A
Fruits,Canada,147,203,A
Fruits,Caribbean,136,203,A
Fruits,Central African Republic,54,203,A
Fruits,Central America,102,203,A
Fruits,Central Asia,129,203,A
Fruits,Chad,15,203,A
Fruits,Chile,86,203,A
Fruits,China,120,203,A
Fruits,"China, Hong Kong SAR",88,203,A
Fruits,"China, Macao SAR",67,203,A
Fruits,"China, mainland",121,203,A
Fruits,"China, Taiwan Province of",130,203,A
Fruits,Colombia,112,203,A
Fruits,Congo,70,203,A
Fruits,Costa Rica,126,203,A
Fruits,Côte d'Ivoire,17,203,A
Fruits,Croatia,144,203,A
Fruits,Cuba,112,203,A
Fruits,Cyprus,89,203,A
Fruits,Czechia,79,203,A
Fruits,Czechoslovakia,0,203,A
Fruits,Democratic People's Republic of Korea,67,203,A
Fruits,Denmark,130,203,A
Fruits,Djibouti,49,203,A
Fruits,Dominica,270,203,A
Fruits,Dominican Republic,241,203,A
Fruits,Eastern Africa,61,203,A
Fruits,Eastern Asia,114,203,A
Fruits,Eastern Europe,96,203,A
Fruits,Ecuador,101,203,A
Fruits,Egypt,214,203,A
Fruits,El Salvador,53,203,A
Fruits,Estonia,100,203,A
Fruits,Ethiopia,9,203,A
Fruits,Ethiopia PDR,0,203,A
Fruits,Europe,123,203,A
Fruits,European Union,129,203,A
Fruits,Fiji,40,203,A
Fruits,Finland,107,203,A
Fruits,France,113,203,A
Fruits,French Polynesia,73,203,A
Fruits,Gabon,47,203,A
Fruits,Gambia,14,203,A
Fruits,Georgia,67,203,A
Fruits,Germany,124,203,A
Fruits,Ghana,68,203,A
Fruits,Greece,191,203,A
Fruits,Grenada,174,203,A
Fruits,Guatemala,70,203,A
Fruits,Guinea,58,203,A
Fruits,Guinea-Bissau,31,203,A
Fruits,Guyana,49,203,A
Fruits,Haiti,67,203,A
Fruits,Honduras,89,203,A
Fruits,Hungary,76,203,A
Fruits,Iceland,132,203,A
Fruits,India,75,203,A
Fruits,Indonesia,77,203,A
Fruits,Iran (Islamic Republic of),232,203,A
Fruits,Iraq,90,203,A
Fruits,Ireland,127,203,A
Fruits,Israel,208,203,A
Fruits,Italy,189,203,A
Fruits,Jamaica,97,203,A
Fruits,Japan,55,203,A
Fruits,Jordan,83,203,A
Fruits,Kazakhstan,139,203,A
Fruits,Kenya,87,203,A
Fruits,Kiribati,118,203,A
Fruits,Kuwait,175,203,A
Fruits,Kyrgyzstan,54,203,A
Fruits,Land Locked Developing Countries,66,203,A
Fruits,Lao People's Democratic Republic,121,203,A
Fruits,Latvia,66,203,A
Fruits,Least Developed Countries,55,203,A
Fruits,Lebanon,170,203,A
Fruits,Lesotho,27,203,A
Fruits,Liberia,52,203,A
Fruits,Lithuania,60,203,A
Fruits,Low Income Food Deficit Countries,65,203,A
Fruits,Luxembourg,158,203,A
Fruits,Madagascar,61,203,A
Fruits,Malawi,59,203,A
Fruits,Malaysia,60,203,A
Fruits,Maldives,131,203,A
Fruits,Mali,40,203,A
Fruits,Malta,103,203,A
Fruits,Mauritania,33,203,A
Fruits,Mauritius,73,203,A
Fruits,Melanesia,65,203,A
Fruits,Mexico,112,203,A
Fruits,Micronesia,118,203,A
Fruits,Middle Africa,94,203,A
Fruits,Mongolia,25,203,A
Fruits,Montenegro,182,203,A
Fruits,Morocco,133,203,A
Fruits,Mozambique,39,203,A
Fruits,Myanmar,30,203,A
Fruits,Namibia,61,203,A
Fruits,Nepal,75,203,A
Fruits,Net Food Importing Developing Countries,70,203,A
Fruits,Netherlands,189,203,A
Fruits,Netherlands Antilles (former),0,203,A
Fruits,New Caledonia,96,203,A
Fruits,New Zealand,141,203,A
Fruits,Nicaragua,27,203,A
Fruits,Niger,54,203,A
Fruits,Nigeria,40,203,A
Fruits,Northern Africa,185,203,A
Fruits,Northern America,135,203,A
Fruits,Northern Europe,137,203,A
Fruits,Norway,141,203,A
Fruits,Oceania,121,203,A
Fruits,Oman,395,203,A
Fruits,Pakistan,41,203,A
Fruits,Panama,64,203,A
Fruits,Paraguay,71,203,A
Fruits,Peru,96,203,A
Fruits,Philippines,141,203,A
Fruits,Poland,89,203,A
Fruits,Polynesia,140,203,A
Fruits,Portugal,162,203,A
Fruits,Republic of Korea,77,203,A
Fruits,Republic of Moldova,80,203,A
Fruits,Romania,117,203,A
Fruits,Russian Federation,101,203,A
Fruits,Rwanda,524,203,A
Fruits,Saint Kitts and Nevis,71,203,A
Fruits,Saint Lucia,90,203,A
Fruits,Saint Vincent and the Grenadines,167,203,A
Fruits,Samoa,237,203,A
Fruits,Sao Tome and Principe,352,203,A
Fruits,Saudi Arabia,222,203,A
Fruits,Senegal,29,203,A
Fruits,Serbia,149,203,A
Fruits,Serbia and Montenegro,0,203,A
Fruits,Sierra Leone,32,203,A
Fruits,Slovakia,67,203,A
Fruits,Slovenia,150,203,A
Fruits,Small Island Developing States,123,203,A
Fruits,Solomon Islands,60,203,A
Fruits,South Africa,43,203,A
Fruits,South America,107,203,A
Fruits,South-Eastern Asia,87,203,A
Fruits,Southern Africa,45,203,A
Fruits,Southern Asia,73,203,A
Fruits,Southern Europe,159,203,A
Fruits,Spain,110,203,A
Fruits,Sri Lanka,16,203,A
Fruits,Sudan,137,203,A
Fruits,Sudan (former),0,203,A
Fruits,Suriname,70,203,A
Fruits,Swaziland,81,203,A
Fruits,Sweden,120,203,A
Fruits,Switzerland,135,203,A
Fruits,Tajikistan,65,203,A
Fruits,Thailand,118,203,A
Fruits,The former Yugoslav Republic of Macedonia,141,203,A
Fruits,Timor-Leste,27,203,A
Fruits,Togo,15,203,A
Fruits,Trinidad and Tobago,104,203,A
Fruits,Tunisia,144,203,A
Fruits,Turkey,213,203,A
Fruits,Turkmenistan,102,203,A
Fruits,Uganda,27,203,A
Fruits,Ukraine,98,203,A
Fruits,United Arab Emirates,181,203,A
Fruits,United Kingdom,150,203,A
Fruits,United Republic of Tanzania,96,203,A
Fruits,United States of America,134,203,A
Fruits,Uruguay,85,203,A
Fruits,USSR,0,203,A
Fruits,Uzbekistan,160,203,A
Fruits,Vanuatu,120,203,A
Fruits,Venezuela (Bolivarian Republic of),78,203,A
Fruits,Viet Nam,87,203,A
Fruits,Western Africa,40,203,A
Fruits,Western Asia,167,203,A
Fruits,Western Europe,128,203,A
Fruits,World,101,203,A
Fruits,Yemen,73,203,A
Fruits,Yugoslav SFR,0,203,A
Fruits,Zambia,11,203,A
Fruits,Zimbabwe,19,203,A
Grains (Starchy staples),Afghanistan,1575,813,A
Grains (Starchy staples),Africa,1666,813,A
Grains (Starchy staples),Albania,1222,813,A
Grains (Starchy staples),Algeria,1804,813,A
Grains (Starchy staples),Americas,1087,813,A
Grains (Starchy staples),Angola,1446,813,A
Grains (Starchy staples),Antigua and Barbuda,700,813,A
Grains (Starchy staples),Argentina,1146,813,A
Grains (Starchy staples),Armenia,1162,813,A
Grains (Starchy staples),Asia,1521,813,A
Grains (Starchy staples),Australia,830,813,A
Grains (Starchy staples),Australia & New Zealand,842,813,A
Grains (Starchy staples),Austria,997,813,A
Grains (Starchy staples),Azerbaijan,1929,813,A
Grains (Starchy staples),Bahamas,687,813,A
Grains (Starchy staples),Bangladesh,1964,813,A
Grains (Starchy staples),Barbados,970,813,A
Grains (Starchy staples),Belarus,1173,813,A
Grains (Starchy staples),Belgium,1080,813,A
Grains (Starchy staples),Belgium-Luxembourg,0,813,A
Grains (Starchy staples),Belize,1089,813,A
Grains (Starchy staples),Benin,1844,813,A
Grains (Starchy staples),Bermuda,694,813,A
Grains (Starchy staples),Bolivia (Plurinational State of),1199,813,A
Grains (Starchy staples),Bosnia and Herzegovina,1572,813,A
Grains (Starchy staples),Botswana,1107,813,A
Grains (Starchy staples),Brazil,1090,813,A
Grains (Starchy staples),Brunei Darussalam,1367,813,A
Grains (Starchy staples),Bulgaria,1151,813,A
Grains (Starchy staples),Burkina Faso,1779,813,A
Grains (Starchy staples),Cabo Verde,1280,813,A
Grains (Starchy staples),Cambodia,1739,813,A
Grains (Starchy staples),Cameroon,1558,813,A
Grains (Starchy staples),Canada,1031,813,A
Grains (Starchy staples),Caribbean,1234,813,A
Grains (Starchy staples),Central African Republic,1056,813,A
Grains (Starchy staples),Central America,1308,813,A
Grains (Starchy staples),Central Asia,1386,813,A
Grains (Starchy staples),Chad,1467,813,A
Grains (Starchy staples),Chile,1274,813,A
Grains (Starchy staples),China,1569,813,A
Grains (Starchy staples),"China, Hong Kong SAR",944,813,A
Grains (Starchy staples),"China, Macao SAR",923,813,A
Grains (Starchy staples),"China, mainland",1583,813,A
Grains (Starchy staples),"China, Taiwan Province of",958,813,A
Grains (Starchy staples),Colombia,1082,813,A
Grains (Starchy staples),Congo,1344,813,A
Grains (Starchy staples),Costa Rica,967,813,A
Grains (Starchy staples),Côte d'Ivoire,1975,813,A
Grains (Starchy staples),Croatia,992,813,A
Grains (Starchy staples),Cuba,1688,813,A
Grains (Starchy staples),Cyprus,809,813,A
Grains (Starchy staples),Czechia,997,813,A
Grains (Starchy staples),Czechoslovakia,0,813,A
Grains (Starchy staples),Democratic People's Republic of Korea,1436,813,A
Grains (Starchy staples),Denmark,958,813,A
Grains (Starchy staples),Djibouti,1450,813,A
Grains (Starchy staples),Dominica,1112,813,A
Grains (Starchy staples),Dominican Republic,935,813,A
Grains (Starchy staples),Eastern Africa,1446,813,A
Grains (Starchy staples),Eastern Asia,1525,813,A
Grains (Starchy staples),Eastern Europe,1324,813,A
Grains (Starchy staples),Ecuador,906,813,A
Grains (Starchy staples),Egypt,2299,813,A
Grains (Starchy staples),El Salvador,1253,813,A
Grains (Starchy staples),Estonia,1198,813,A
Grains (Starchy staples),Ethiopia,1642,813,A
Grains (Starchy staples),Ethiopia PDR,0,813,A
Grains (Starchy staples),Europe,1157,813,A
Grains (Starchy staples),European Union,1090,813,A
Grains (Starchy staples),Fiji,1372,813,A
Grains (Starchy staples),Finland,1067,813,A
Grains (Starchy staples),France,1056,813,A
Grains (Starchy staples),French Polynesia,1016,813,A
Grains (Starchy staples),Gabon,1740,813,A
Grains (Starchy staples),Gambia,1641,813,A
Grains (Starchy staples),Georgia,1664,813,A
Grains (Starchy staples),Germany,987,813,A
Grains (Starchy staples),Ghana,2207,813,A
Grains (Starchy staples),Greece,1080,813,A
Grains (Starchy staples),Grenada,707,813,A
Grains (Starchy staples),Guatemala,1187,813,A
Grains (Starchy staples),Guinea,1732,813,A
Grains (Starchy staples),Guinea-Bissau,1480,813,A
Grains (Starchy staples),Guyana,1352,813,A
Grains (Starchy staples),Haiti,1131,813,A
Grains (Starchy staples),Honduras,1236,813,A
Grains (Starchy staples),Hungary,931,813,A
Grains (Starchy staples),Iceland,769,813,A
Grains (Starchy staples),India,1421,813,A
Grains (Starchy staples),Indonesia,1917,813,A
Grains (Starchy staples),Iran (Islamic Republic of),1658,813,A
Grains (Starchy staples),Iraq,1629,813,A
Grains (Starchy staples),Ireland,1232,813,A
Grains (Starchy staples),Israel,1219,813,A
Grains (Starchy staples),Italy,1214,813,A
Grains (Starchy staples),Jamaica,1113,813,A
Grains (Starchy staples),Japan,1142,813,A
Grains (Starchy staples),Jordan,1422,813,A
Grains (Starchy staples),Kazakhstan,1094,813,A
Grains (Starchy staples),Kenya,1293,813,A
Grains (Starchy staples),Kiribati,1277,813,A
Grains (Starchy staples),Kuwait,1422,813,A
Grains (Starchy staples),Kyrgyzstan,1474,813,A
Grains (Starchy staples),Land Locked Developing Countries,1514,813,A
Grains (Starchy staples),Lao People's Democratic Republic,1666,813,A
Grains (Starchy staples),Latvia,1155,813,A
Grains (Starchy staples),Least Developed Countries,1590,813,A
Grains (Starchy staples),Lebanon,1204,813,A
Grains (Starchy staples),Lesotho,2038,813,A
Grains (Starchy staples),Liberia,1483,813,A
Grains (Starchy staples),Lithuania,1342,813,A
Grains (Starchy staples),Low Income Food Deficit Countries,1494,813,A
Grains (Starchy staples),Luxembourg,1019,813,A
Grains (Starchy staples),Madagascar,1639,813,A
Grains (Starchy staples),Malawi,1746,813,A
Grains (Starchy staples),Malaysia,1309,813,A
Grains (Starchy staples),Maldives,1122,813,A
Grains (Starchy staples),Mali,1934,813,A
Grains (Starchy staples),Malta,1167,813,A
Grains (Starchy staples),Mauritania,1508,813,A
Grains (Starchy staples),Mauritius,1434,813,A
Grains (Starchy staples),Melanesia,1396,813,A
Grains (Starchy staples),Mexico,1344,813,A
Grains (Starchy staples),Micronesia,1277,813,A
Grains (Starchy staples),Middle Africa,1461,813,A
Grains (Starchy staples),Mongolia,1163,813,A
Grains (Starchy staples),Montenegro,1192,813,A
Grains (Starchy staples),Morocco,2056,813,A
Grains (Starchy staples),Mozambique,1647,813,A
Grains (Starchy staples),Myanmar,1417,813,A
Grains (Starchy staples),Namibia,1189,813,A
Grains (Starchy staples),Nepal,1825,813,A
Grains (Starchy staples),Net Food Importing Developing Countries,1563,813,A
Grains (Starchy staples),Netherlands,875,813,A
Grains (Starchy staples),Netherlands Antilles (former),0,813,A
Grains (Starchy staples),New Caledonia,984,813,A
Grains (Starchy staples),New Zealand,911,813,A
Grains (Starchy staples),Nicaragua,1351,813,A
Grains (Starchy staples),Niger,1595,813,A
Grains (Starchy staples),Nigeria,1828,813,A
Grains (Starchy staples),Northern Africa,1874,813,A
Grains (Starchy staples),Northern America,909,813,A
Grains (Starchy staples),Northern Europe,1065,813,A
Grains (Starchy staples),Norway,1077,813,A
Grains (Starchy staples),Oceania,881,813,A
Grains (Starchy staples),Oman,1239,813,A
Grains (Starchy staples),Pakistan,1205,813,A
Grains (Starchy staples),Panama,1233,813,A
Grains (Starchy staples),Paraguay,1135,813,A
Grains (Starchy staples),Peru,1587,813,A
Grains (Starchy staples),Philippines,1552,813,A
Grains (Starchy staples),Poland,1386,813,A
Grains (Starchy staples),Polynesia,931,813,A
Grains (Starchy staples),Portugal,1152,813,A
Grains (Starchy staples),Republic of Korea,1446,813,A
Grains (Starchy staples),Republic of Moldova,1198,813,A
Grains (Starchy staples),Romania,1543,813,A
Grains (Starchy staples),Russian Federation,1360,813,A
Grains (Starchy staples),Rwanda,1111,813,A
Grains (Starchy staples),Saint Kitts and Nevis,741,813,A
Grains (Starchy staples),Saint Lucia,903,813,A
Grains (Starchy staples),Saint Vincent and the Grenadines,1197,813,A
Grains (Starchy staples),Samoa,804,813,A
Grains (Starchy staples),Sao Tome and Principe,987,813,A
Grains (Starchy staples),Saudi Arabia,1474,813,A
Grains (Starchy staples),Senegal,1526,813,A
Grains (Starchy staples),Serbia,1111,813,A
Grains (Starchy staples),Serbia and Montenegro,0,813,A
Grains (Starchy staples),Sierra Leone,1546,813,A
Grains (Starchy staples),Slovakia,1105,813,A
Grains (Starchy staples),Slovenia,1270,813,A
Grains (Starchy staples),Small Island Developing States,1255,813,A
Grains (Starchy staples),Solomon Islands,1651,813,A
Grains (Starchy staples),South Africa,1604,813,A
Grains (Starchy staples),South America,1137,813,A
Grains (Starchy staples),South-Eastern Asia,1668,813,A
Grains (Starchy staples),Southern Africa,1579,813,A
Grains (Starchy staples),Southern Asia,1468,813,A
Grains (Starchy staples),Southern Europe,1101,813,A
Grains (Starchy staples),Spain,901,813,A
Grains (Starchy staples),Sri Lanka,1493,813,A
Grains (Starchy staples),Sudan,924,813,A
Grains (Starchy staples),Sudan (former),0,813,A
Grains (Starchy staples),Suriname,1222,813,A
Grains (Starchy staples),Swaziland,1302,813,A
Grains (Starchy staples),Sweden,878,813,A
Grains (Starchy staples),Switzerland,746,813,A
Grains (Starchy staples),Tajikistan,1287,813,A
Grains (Starchy staples),Thailand,1374,813,A
Grains (Starchy staples),The former Yugoslav Republic of Macedonia,1123,813,A
Grains (Starchy staples),Timor-Leste,1399,813,A
Grains (Starchy staples),Togo,1757,813,A
Grains (Starchy staples),Trinidad and Tobago,1115,813,A
Grains (Starchy staples),Tunisia,1701,813,A
Grains (Starchy staples),Turkey,1679,813,A
Grains (Starchy staples),Turkmenistan,1649,813,A
Grains (Starchy staples),Uganda,1197,813,A
Grains (Starchy staples),Ukraine,1309,813,A
Grains (Starchy staples),United Arab Emirates,1406,813,A
Grains (Starchy staples),United Kingdom,1073,813,A
Grains (Starchy staples),United Republic of Tanzania,1276,813,A
Grains (Starchy staples),United States of America,895,813,A
Grains (Starchy staples),Uruguay,1190,813,A
Grains (Starchy staples),USSR,0,813,A
Grains (Starchy staples),Uzbekistan,1514,813,A
Grains (Starchy staples),Vanuatu,1329,813,A
Grains (Starchy staples),Venezuela (Bolivarian Republic of),1096,813,A
Grains (Starchy staples),Viet Nam,1594,813,A
Grains (Starchy staples),Western Africa,1820,813,A
Grains (Starchy staples),Western Asia,1548,813,A
Grains (Starchy staples),Western Europe,997,813,A
Grains (Starchy staples),World,1442,813,A
Grains (Starchy staples),Yemen,1377,813,A
Grains (Starchy staples),Yugoslav SFR,0,813,A
Grains (Starchy staples),Zambia,1382,813,A
Grains (Starchy staples),Zimbabwe,1201,813,A
"Legumes, Nuts & Seeds",Afghanistan,44,117,A
"Legumes, Nuts & Seeds",Africa,185,117,A
"Legumes, Nuts & Seeds",Albania,147,117,A
"Legumes, Nuts & Seeds",Algeria,111,117,A
"Legumes, Nuts & Seeds",Americas,153,117,A
"Legumes, Nuts & Seeds",Angola,122,117,A
"Legumes, Nuts & Seeds",Antigua and Barbuda,56,117,A
"Legumes, Nuts & Seeds",Argentina,13,117,A
"Legumes, Nuts & Seeds",Armenia,27,117,A
"Legumes, Nuts & Seeds",Asia,145,117,A
"Legumes, Nuts & Seeds",Australia,98,117,A
"Legumes, Nuts & Seeds",Australia & New Zealand,100,117,A
"Legumes, Nuts & Seeds",Austria,107,117,A
"Legumes, Nuts & Seeds",Azerbaijan,38,117,A
"Legumes, Nuts & Seeds",Bahamas,97,117,A
"Legumes, Nuts & Seeds",Bangladesh,73,117,A
"Legumes, Nuts & Seeds",Barbados,150,117,A
"Legumes, Nuts & Seeds",Belarus,34,117,A
"Legumes, Nuts & Seeds",Belgium,96,117,A
"Legumes, Nuts & Seeds",Belgium-Luxembourg,0,117,A
"Legumes, Nuts & Seeds",Belize,210,117,A
"Legumes, Nuts & Seeds",Benin,242,117,A
"Legumes, Nuts & Seeds",Bermuda,93,117,A
"Legumes, Nuts & Seeds",Bolivia (Plurinational State of),100,117,A
"Legumes, Nuts & Seeds",Bosnia and Herzegovina,104,117,A
"Legumes, Nuts & Seeds",Botswana,74,117,A
"Legumes, Nuts & Seeds",Brazil,224,117,A
"Legumes, Nuts & Seeds",Brunei Darussalam,92,117,A
"Legumes, Nuts & Seeds",Bulgaria,68,117,A
"Legumes, Nuts & Seeds",Burkina Faso,333,117,A
"Legumes, Nuts & Seeds",Cabo Verde,156,117,A
"Legumes, Nuts & Seeds",Cambodia,148,117,A
"Legumes, Nuts & Seeds",Cameroon,364,117,A
"Legumes, Nuts & Seeds",Canada,238,117,A
"Legumes, Nuts & Seeds",Caribbean,207,117,A
"Legumes, Nuts & Seeds",Central African Republic,167,117,A
"Legumes, Nuts & Seeds",Central America,160,117,A
"Legumes, Nuts & Seeds",Central Asia,29,117,A
"Legumes, Nuts & Seeds",Chad,317,117,A
"Legumes, Nuts & Seeds",Chile,70,117,A
"Legumes, Nuts & Seeds",China,127,117,A
"Legumes, Nuts & Seeds","China, Hong Kong SAR",166,117,A
"Legumes, Nuts & Seeds","China, Macao SAR",113,117,A
"Legumes, Nuts & Seeds","China, mainland",126,117,A
"Legumes, Nuts & Seeds","China, Taiwan Province of",207,117,A
"Legumes, Nuts & Seeds",Colombia,81,117,A
"Legumes, Nuts & Seeds",Congo,89,117,A
"Legumes, Nuts & Seeds",Costa Rica,135,117,A
"Legumes, Nuts & Seeds",Côte d'Ivoire,121,117,A
"Legumes, Nuts & Seeds",Croatia,85,117,A
"Legumes, Nuts & Seeds",Cuba,276,117,A
"Legumes, Nuts & Seeds",Cyprus,113,117,A
"Legumes, Nuts & Seeds",Czechia,56,117,A
"Legumes, Nuts & Seeds",Czechoslovakia,0,117,A
"Legumes, Nuts & Seeds",Democratic People's Republic of Korea,134,117,A
"Legumes, Nuts & Seeds",Denmark,70,117,A
"Legumes, Nuts & Seeds",Djibouti,129,117,A
"Legumes, Nuts & Seeds",Dominica,168,117,A
"Legumes, Nuts & Seeds",Dominican Republic,162,117,A
"Legumes, Nuts & Seeds",Eastern Africa,205,117,A
"Legumes, Nuts & Seeds",Eastern Asia,127,117,A
"Legumes, Nuts & Seeds",Eastern Europe,43,117,A
"Legumes, Nuts & Seeds",Ecuador,36,117,A
"Legumes, Nuts & Seeds",Egypt,113,117,A
"Legumes, Nuts & Seeds",El Salvador,211,117,A
"Legumes, Nuts & Seeds",Estonia,118,117,A
"Legumes, Nuts & Seeds",Ethiopia,172,117,A
"Legumes, Nuts & Seeds",Ethiopia PDR,0,117,A
"Legumes, Nuts & Seeds",Europe,74,117,A
"Legumes, Nuts & Seeds",European Union,85,117,A
"Legumes, Nuts & Seeds",Fiji,300,117,A
"Legumes, Nuts & Seeds",Finland,47,117,A
"Legumes, Nuts & Seeds",France,67,117,A
"Legumes, Nuts & Seeds",French Polynesia,188,117,A
"Legumes, Nuts & Seeds",Gabon,142,117,A
"Legumes, Nuts & Seeds",Gambia,108,117,A
"Legumes, Nuts & Seeds",Georgia,25,117,A
"Legumes, Nuts & Seeds",Germany,93,117,A
"Legumes, Nuts & Seeds",Ghana,194,117,A
"Legumes, Nuts & Seeds",Greece,152,117,A
"Legumes, Nuts & Seeds",Grenada,130,117,A
"Legumes, Nuts & Seeds",Guatemala,182,117,A
"Legumes, Nuts & Seeds",Guinea,113,117,A
"Legumes, Nuts & Seeds",Guinea-Bissau,110,117,A
"Legumes, Nuts & Seeds",Guyana,216,117,A
"Legumes, Nuts & Seeds",Haiti,221,117,A
"Legumes, Nuts & Seeds",Honduras,124,117,A
"Legumes, Nuts & Seeds",Hungary,44,117,A
"Legumes, Nuts & Seeds",Iceland,55,117,A
"Legumes, Nuts & Seeds",India,190,117,A
"Legumes, Nuts & Seeds",Indonesia,134,117,A
"Legumes, Nuts & Seeds",Iran (Islamic Republic of),202,117,A
"Legumes, Nuts & Seeds",Iraq,34,117,A
"Legumes, Nuts & Seeds",Ireland,80,117,A
"Legumes, Nuts & Seeds",Israel,252,117,A
"Legumes, Nuts & Seeds",Italy,114,117,A
"Legumes, Nuts & Seeds",Jamaica,101,117,A
"Legumes, Nuts & Seeds",Japan,130,117,A
"Legumes, Nuts & Seeds",Jordan,152,117,A
"Legumes, Nuts & Seeds",Kazakhstan,52,117,A
"Legumes, Nuts & Seeds",Kenya,176,117,A
"Legumes, Nuts & Seeds",Kiribati,668,117,A
"Legumes, Nuts & Seeds",Kuwait,149,117,A
"Legumes, Nuts & Seeds",Kyrgyzstan,67,117,A
"Legumes, Nuts & Seeds",Land Locked Developing Countries,169,117,A
"Legumes, Nuts & Seeds",Lao People's Democratic Republic,95,117,A
"Legumes, Nuts & Seeds",Latvia,38,117,A
"Legumes, Nuts & Seeds",Least Developed Countries,172,117,A
"Legumes, Nuts & Seeds",Lebanon,252,117,A
"Legumes, Nuts & Seeds",Lesotho,69,117,A
"Legumes, Nuts & Seeds",Liberia,38,117,A
"Legumes, Nuts & Seeds",Lithuania,62,117,A
"Legumes, Nuts & Seeds",Low Income Food Deficit Countries,175,117,A
"Legumes, Nuts & Seeds",Luxembourg,34,117,A
"Legumes, Nuts & Seeds",Madagascar,46,117,A
"Legumes, Nuts & Seeds",Malawi,228,117,A
"Legumes, Nuts & Seeds",Malaysia,72,117,A
"Legumes, Nuts & Seeds",Maldives,138,117,A
"Legumes, Nuts & Seeds",Mali,225,117,A
"Legumes, Nuts & Seeds",Malta,107,117,A
"Legumes, Nuts & Seeds",Mauritania,140,117,A
"Legumes, Nuts & Seeds",Mauritius,144,117,A
"Legumes, Nuts & Seeds",Melanesia,319,117,A
"Legumes, Nuts & Seeds",Mexico,153,117,A
"Legumes, Nuts & Seeds",Micronesia,668,117,A
"Legumes, Nuts & Seeds",Middle Africa,240,117,A
"Legumes, Nuts & Seeds",Mongolia,17,117,A
"Legumes, Nuts & Seeds",Montenegro,121,117,A
"Legumes, Nuts & Seeds",Morocco,88,117,A
"Legumes, Nuts & Seeds",Mozambique,151,117,A
"Legumes, Nuts & Seeds",Myanmar,241,117,A
"Legumes, Nuts & Seeds",Namibia,87,117,A
"Legumes, Nuts & Seeds",Nepal,133,117,A
"Legumes, Nuts & Seeds",Net Food Importing Developing Countries,153,117,A
"Legumes, Nuts & Seeds",Netherlands,88,117,A
"Legumes, Nuts & Seeds",Netherlands Antilles (former),0,117,A
"Legumes, Nuts & Seeds",New Caledonia,133,117,A
"Legumes, Nuts & Seeds",New Zealand,124,117,A
"Legumes, Nuts & Seeds",Nicaragua,238,117,A
"Legumes, Nuts & Seeds",Niger,485,117,A
"Legumes, Nuts & Seeds",Nigeria,223,117,A
"Legumes, Nuts & Seeds",Northern Africa,119,117,A
"Legumes, Nuts & Seeds",Northern America,149,117,A
"Legumes, Nuts & Seeds",Northern Europe,80,117,A
"Legumes, Nuts & Seeds",Norway,94,117,A
"Legumes, Nuts & Seeds",Oceania,119,117,A
"Legumes, Nuts & Seeds",Oman,77,117,A
"Legumes, Nuts & Seeds",Pakistan,83,117,A
"Legumes, Nuts & Seeds",Panama,109,117,A
"Legumes, Nuts & Seeds",Paraguay,133,117,A
"Legumes, Nuts & Seeds",Peru,133,117,A
"Legumes, Nuts & Seeds",Philippines,42,117,A
"Legumes, Nuts & Seeds",Poland,42,117,A
"Legumes, Nuts & Seeds",Polynesia,335,117,A
"Legumes, Nuts & Seeds",Portugal,69,117,A
"Legumes, Nuts & Seeds",Republic of Korea,139,117,A
"Legumes, Nuts & Seeds",Republic of Moldova,30,117,A
"Legumes, Nuts & Seeds",Romania,42,117,A
"Legumes, Nuts & Seeds",Russian Federation,39,117,A
"Legumes, Nuts & Seeds",Rwanda,363,117,A
"Legumes, Nuts & Seeds",Saint Kitts and Nevis,131,117,A
"Legumes, Nuts & Seeds",Saint Lucia,130,117,A
"Legumes, Nuts & Seeds",Saint Vincent and the Grenadines,112,117,A
"Legumes, Nuts & Seeds",Samoa,547,117,A
"Legumes, Nuts & Seeds",Sao Tome and Principe,403,117,A
"Legumes, Nuts & Seeds",Saudi Arabia,91,117,A
"Legumes, Nuts & Seeds",Senegal,99,117,A
"Legumes, Nuts & Seeds",Serbia,94,117,A
"Legumes, Nuts & Seeds",Serbia and Montenegro,0,117,A
"Legumes, Nuts & Seeds",Sierra Leone,189,117,A
"Legumes, Nuts & Seeds",Slovakia,59,117,A
"Legumes, Nuts & Seeds",Slovenia,85,117,A
"Legumes, Nuts & Seeds",Small Island Developing States,205,117,A
"Legumes, Nuts & Seeds",Solomon Islands,321,117,A
"Legumes, Nuts & Seeds",South Africa,48,117,A
"Legumes, Nuts & Seeds",South America,147,117,A
"Legumes, Nuts & Seeds",South-Eastern Asia,127,117,A
"Legumes, Nuts & Seeds",Southern Africa,52,117,A
"Legumes, Nuts & Seeds",Southern Asia,168,117,A
"Legumes, Nuts & Seeds",Southern Europe,114,117,A
"Legumes, Nuts & Seeds",Spain,125,117,A
"Legumes, Nuts & Seeds",Sri Lanka,395,117,A
"Legumes, Nuts & Seeds",Sudan,157,117,A
"Legumes, Nuts & Seeds",Sudan (former),0,117,A
"Legumes, Nuts & Seeds",Suriname,78,117,A
"Legumes, Nuts & Seeds",Swaziland,111,117,A
"Legumes, Nuts & Seeds",Sweden,84,117,A
"Legumes, Nuts & Seeds",Switzerland,104,117,A
"Legumes, Nuts & Seeds",Tajikistan,33,117,A
"Legumes, Nuts & Seeds",Thailand,113,117,A
"Legumes, Nuts & Seeds",The former Yugoslav Republic of Macedonia,124,117,A
"Legumes, Nuts & Seeds",Timor-Leste,135,117,A
"Legumes, Nuts & Seeds",Togo,223,117,A
"Legumes, Nuts & Seeds",Trinidad and Tobago,167,117,A
"Legumes, Nuts & Seeds",Tunisia,167,117,A
"Legumes, Nuts & Seeds",Turkey,252,117,A
"Legumes, Nuts & Seeds",Turkmenistan,2,117,A
"Legumes, Nuts & Seeds",Uganda,305,117,A
"Legumes, Nuts & Seeds",Ukraine,44,117,A
"Legumes, Nuts & Seeds",United Arab Emirates,440,117,A
"Legumes, Nuts & Seeds",United Kingdom,85,117,A
"Legumes, Nuts & Seeds",United Republic of Tanzania,326,117,A
"Legumes, Nuts & Seeds",United States of America,141,117,A
"Legumes, Nuts & Seeds",Uruguay,71,117,A
"Legumes, Nuts & Seeds",USSR,0,117,A
"Legumes, Nuts & Seeds",Uzbekistan,12,117,A
"Legumes, Nuts & Seeds",Vanuatu,571,117,A
"Legumes, Nuts & Seeds",Venezuela (Bolivarian Republic of),59,117,A
"Legumes, Nuts & Seeds",Viet Nam,163,117,A
"Legumes, Nuts & Seeds",Western Africa,221,117,A
"Legumes, Nuts & Seeds",Western Asia,157,117,A
"Legumes, Nuts & Seeds",Western Europe,86,117,A
"Legumes, Nuts & Seeds",World,143,117,A
"Legumes, Nuts & Seeds",Yemen,72,117,A
"Legumes, Nuts & Seeds",Yugoslav SFR,0,117,A
"Legumes, Nuts & Seeds",Zambia,157,117,A
"Legumes, Nuts & Seeds",Zimbabwe,75,117,A
Meats,Afghanistan,78,300,B
Meats,Africa,124,300,B
Meats,Albania,401,300,B
Meats,Algeria,134,300,B
Meats,Americas,444,300,B
Meats,Angola,221,300,B
Meats,Antigua and Barbuda,481,300,B
Meats,Argentina,673,300,B
Meats,Armenia,320,300,B
Meats,Asia,301,300,B
Meats,Australia,574,300,B
Meats,Australia & New Zealand,564,300,B
Meats,Austria,477,300,B
Meats,Azerbaijan,210,300,B
Meats,Bahamas,549,300,B
Meats,Bangladesh,63,300,B
Meats,Barbados,437,300,B
Meats,Belarus,522,300,B
Meats,Belgium,374,300,B
Meats,Belgium-Luxembourg,0,300,B
Meats,Belize,277,300,B
Meats,Benin,107,300,B
Meats,Bermuda,596,300,B
Meats,Bolivia (Plurinational State of),329,300,B
Meats,Bosnia and Herzegovina,204,300,B
Meats,Botswana,132,300,B
Meats,Brazil,506,300,B
Meats,Brunei Darussalam,467,300,B
Meats,Bulgaria,288,300,B
Meats,Burkina Faso,87,300,B
Meats,Cabo Verde,217,300,B
Meats,Cambodia,188,300,B
Meats,Cameroon,92,300,B
Meats,Canada,442,300,B
Meats,Caribbean,245,300,B
Meats,Central African Republic,165,300,B
Meats,Central America,346,300,B
Meats,Central Asia,287,300,B
Meats,Chad,71,300,B
Meats,Chile,510,300,B
Meats,China,621,300,B
Meats,"China, Hong Kong SAR",1012,300,B
Meats,"China, Macao SAR",781,300,B
Meats,"China, mainland",618,300,B
Meats,"China, Taiwan Province of",537,300,B
Meats,Colombia,289,300,B
Meats,Congo,162,300,B
Meats,Costa Rica,235,300,B
Meats,Côte d'Ivoire,99,300,B
Meats,Croatia,366,300,B
Meats,Cuba,330,300,B
Meats,Cyprus,400,300,B
Meats,Czechia,359,300,B
Meats,Czechoslovakia,0,300,B
Meats,Democratic People's Republic of Korea,117,300,B
Meats,Denmark,524,300,B
Meats,Djibouti,113,300,B
Meats,Dominica,316,300,B
Meats,Dominican Republic,236,300,B
Meats,Eastern Africa,77,300,B
Meats,Eastern Asia,591,300,B
Meats,Eastern Europe,407,300,B
Meats,Ecuador,298,300,B
Meats,Egypt,191,300,B
Meats,El Salvador,156,300,B
Meats,Estonia,336,300,B
Meats,Ethiopia,42,300,B
Meats,Ethiopia PDR,0,300,B
Meats,Europe,458,300,B
Meats,European Union,475,300,B
Meats,Fiji,311,300,B
Meats,Finland,640,300,B
Meats,France,597,300,B
Meats,French Polynesia,595,300,B
Meats,Gabon,349,300,B
Meats,Gambia,74,300,B
Meats,Georgia,170,300,B
Meats,Germany,438,300,B
Meats,Ghana,122,300,B
Meats,Greece,377,300,B
Meats,Grenada,377,300,B
Meats,Guatemala,154,300,B
Meats,Guinea,76,300,B
Meats,Guinea-Bissau,118,300,B
Meats,Guyana,253,300,B
Meats,Haiti,102,300,B
Meats,Honduras,175,300,B
Meats,Hungary,367,300,B
Meats,Iceland,757,300,B
Meats,India,35,300,B
Meats,Indonesia,154,300,B
Meats,Iran (Islamic Republic of),182,300,B
Meats,Iraq,124,300,B
Meats,Ireland,485,300,B
Meats,Israel,503,300,B
Meats,Italy,473,300,B
Meats,Jamaica,286,300,B
Meats,Japan,404,300,B
Meats,Jordan,206,300,B
Meats,Kazakhstan,397,300,B
Meats,Kenya,93,300,B
Meats,Kiribati,328,300,B
Meats,Kuwait,434,300,B
Meats,Kyrgyzstan,214,300,B
Meats,Land Locked Developing Countries,131,300,B
Meats,Lao People's Democratic Republic,192,300,B
Meats,Latvia,394,300,B
Meats,Least Developed Countries,107,300,B
Meats,Lebanon,220,300,B
Meats,Lesotho,114,300,B
Meats,Liberia,91,300,B
Meats,Lithuania,547,300,B
Meats,Low Income Food Deficit Countries,64,300,B
Meats,Luxembourg,702,300,B
Meats,Madagascar,97,300,B
Meats,Malawi,108,300,B
Meats,Malaysia,457,300,B
Meats,Maldives,574,300,B
Meats,Mali,133,300,B
Meats,Malta,450,300,B
Meats,Mauritania,160,300,B
Meats,Mauritius,286,300,B
Meats,Melanesia,296,300,B
Meats,Mexico,406,300,B
Meats,Micronesia,328,300,B
Meats,Middle Africa,143,300,B
Meats,Mongolia,497,300,B
Meats,Montenegro,549,300,B
Meats,Morocco,208,300,B
Meats,Mozambique,88,300,B
Meats,Myanmar,349,300,B
Meats,Namibia,139,300,B
Meats,Nepal,59,300,B
Meats,Net Food Importing Developing Countries,125,300,B
Meats,Netherlands,518,300,B
Meats,Netherlands Antilles (former),0,300,B
Meats,New Caledonia,496,300,B
Meats,New Zealand,524,300,B
Meats,Nicaragua,163,300,B
Meats,Niger,92,300,B
Meats,Nigeria,83,300,B
Meats,Northern Africa,178,300,B
Meats,Northern America,506,300,B
Meats,Northern Europe,524,300,B
Meats,Norway,549,300,B
Meats,Oceania,547,300,B
Meats,Oman,337,300,B
Meats,Pakistan,92,300,B
Meats,Panama,282,300,B
Meats,Paraguay,327,300,B
Meats,Peru,190,300,B
Meats,Philippines,314,300,B
Meats,Poland,448,300,B
Meats,Polynesia,611,300,B
Meats,Portugal,509,300,B
Meats,Republic of Korea,447,300,B
Meats,Republic of Moldova,256,300,B
Meats,Romania,279,300,B
Meats,Russian Federation,446,300,B
Meats,Rwanda,45,300,B
Meats,Saint Kitts and Nevis,402,300,B
Meats,Saint Lucia,550,300,B
Meats,Saint Vincent and the Grenadines,443,300,B
Meats,Samoa,629,300,B
Meats,Sao Tome and Principe,143,300,B
Meats,Saudi Arabia,315,300,B
Meats,Senegal,121,300,B
Meats,Serbia,421,300,B
Meats,Serbia and Montenegro,0,300,B
Meats,Sierra Leone,107,300,B
Meats,Slovakia,305,300,B
Meats,Slovenia,343,300,B
Meats,Small Island Developing States,249,300,B
Meats,Solomon Islands,159,300,B
Meats,South Africa,389,300,B
Meats,South America,442,300,B
Meats,South-Eastern Asia,280,300,B
Meats,Southern Africa,357,300,B
Meats,Southern Asia,52,300,B
Meats,Southern Europe,465,300,B
Meats,Spain,524,300,B
Meats,Sri Lanka,101,300,B
Meats,Sudan,174,300,B
Meats,Sudan (former),0,300,B
Meats,Suriname,292,300,B
Meats,Swaziland,142,300,B
Meats,Sweden,471,300,B
Meats,Switzerland,529,300,B
Meats,Tajikistan,172,300,B
Meats,Thailand,297,300,B
Meats,The former Yugoslav Republic of Macedonia,219,300,B
Meats,Timor-Leste,222,300,B
Meats,Togo,79,300,B
Meats,Trinidad and Tobago,364,300,B
Meats,Tunisia,178,300,B
Meats,Turkey,182,300,B
Meats,Turkmenistan,399,300,B
Meats,Uganda,110,300,B
Meats,Ukraine,350,300,B
Meats,United Arab Emirates,296,300,B
Meats,United Kingdom,527,300,B
Meats,United Republic of Tanzania,65,300,B
Meats,United States of America,515,300,B
Meats,Uruguay,475,300,B
Meats,USSR,0,300,B
Meats,Uzbekistan,252,300,B
Meats,Vanuatu,351,300,B
Meats,Venezuela (Bolivarian Republic of),300,300,B
Meats,Viet Nam,500,300,B
Meats,Western Africa,93,300,B
Meats,Western Asia,215,300,B
Meats,Western Europe,501,300,B
Meats,World,313,300,B
Meats,Yemen,118,300,B
Meats,Yugoslav SFR,0,300,B
Meats,Zambia,85,300,B
Meats,Zimbabwe,101,300,B
Miscellaneous,Afghanistan,1,0,B
Miscellaneous,Africa,2,0,B
Miscellaneous,Albania,5,0,B
Miscellaneous,Algeria,2,0,B
Miscellaneous,Americas,1,0,B
Miscellaneous,Angola,3,0,B
Miscellaneous,Antigua and Barbuda,9,0,B
Miscellaneous,Argentina,0,0,B
Miscellaneous,Armenia,3,0,B
Miscellaneous,Asia,1,0,B
Miscellaneous,Australia,14,0,B
Miscellaneous,Australia & New Zealand,12,0,B
Miscellaneous,Austria,3,0,B
Miscellaneous,Azerbaijan,2,0,B
Miscellaneous,Bahamas,59,0,B
Miscellaneous,Bangladesh,0,0,B
Miscellaneous,Barbados,44,0,B
Miscellaneous,Belarus,9,0,B
Miscellaneous,Belgium,0,0,B
Miscellaneous,Belgium-Luxembourg,0,0,B
Miscellaneous,Belize,24,0,B
Miscellaneous,Benin,3,0,B
Miscellaneous,Bermuda,18,0,B
Miscellaneous,Bolivia (Plurinational State of),2,0,B
Miscellaneous,Bosnia and Herzegovina,8,0,B
Miscellaneous,Botswana,19,0,B
Miscellaneous,Brazil,0,0,B
Miscellaneous,Brunei Darussalam,38,0,B
Miscellaneous,Bulgaria,4,0,B
Miscellaneous,Burkina Faso,3,0,B
Miscellaneous,Cabo Verde,10,0,B
Miscellaneous,Cambodia,3,0,B
Miscellaneous,Cameroon,1,0,B
Miscellaneous,Canada,9,0,B
Miscellaneous,Caribbean,2,0,B
Miscellaneous,Central African Republic,0,0,B
Miscellaneous,Central America,1,0,B
Miscellaneous,Central Asia,2,0,B
Miscellaneous,Chad,1,0,B
Miscellaneous,Chile,2,0,B
Miscellaneous,China,0,0,B
Miscellaneous,"China, Hong Kong SAR",24,0,B
Miscellaneous,"China, Macao SAR",37,0,B
Miscellaneous,"China, mainland",0,0,B
Miscellaneous,"China, Taiwan Province of",10,0,B
Miscellaneous,Colombia,1,0,B
Miscellaneous,Congo,2,0,B
Miscellaneous,Costa Rica,0,0,B
Miscellaneous,Côte d'Ivoire,0,0,B
Miscellaneous,Croatia,0,0,B
Miscellaneous,Cuba,1,0,B
Miscellaneous,Cyprus,16,0,B
Miscellaneous,Czechia,0,0,B
Miscellaneous,Czechoslovakia,0,0,B
Miscellaneous,Djibouti,8,0,B
Miscellaneous,Dominica,1,0,B
Miscellaneous,Dominican Republic,1,0,B
Miscellaneous,Eastern Africa,0,0,B
Miscellaneous,Eastern Asia,1,0,B
Miscellaneous,Eastern Europe,1,0,B
Miscellaneous,Ecuador,2,0,B
Miscellaneous,Egypt,5,0,B
Miscellaneous,El Salvador,7,0,B
Miscellaneous,Estonia,7,0,B
Miscellaneous,Ethiopia,0,0,B
Miscellaneous,Ethiopia PDR,0,0,B
Miscellaneous,Europe,3,0,B
Miscellaneous,European Union,3,0,B
Miscellaneous,Fiji,4,0,B
Miscellaneous,Finland,16,0,B
Miscellaneous,France,3,0,B
Miscellaneous,French Polynesia,29,0,B
Miscellaneous,Gabon,8,0,B
Miscellaneous,Gambia,0,0,B
Miscellaneous,Georgia,7,0,B
Miscellaneous,Germany,0,0,B
Miscellaneous,Ghana,1,0,B
Miscellaneous,Greece,1,0,B
Miscellaneous,Grenada,3,0,B
Miscellaneous,Guatemala,0,0,B
Miscellaneous,Guinea,2,0,B
Miscellaneous,Guinea-Bissau,3,0,B
Miscellaneous,Guyana,4,0,B
Miscellaneous,Haiti,0,0,B
Miscellaneous,Honduras,7,0,B
Miscellaneous,Hungary,0,0,B
Miscellaneous,Iceland,25,0,B
Miscellaneous,India,0,0,B
Miscellaneous,Indonesia,0,0,B
Miscellaneous,Iran (Islamic Republic of),0,0,B
Miscellaneous,Iraq,3,0,B
Miscellaneous,Ireland,0,0,B
Miscellaneous,Israel,0,0,B
Miscellaneous,Italy,0,0,B
Miscellaneous,Jamaica,6,0,B
Miscellaneous,Japan,4,0,B
Miscellaneous,Jordan,2,0,B
Miscellaneous,Kazakhstan,7,0,B
Miscellaneous,Kenya,0,0,B
Miscellaneous,Kiribati,3,0,B
Miscellaneous,Kuwait,15,0,B
Miscellaneous,Kyrgyzstan,3,0,B
Miscellaneous,Land Locked Developing Countries,1,0,B
Miscellaneous,Lao People's Democratic Republic,4,0,B
Miscellaneous,Latvia,9,0,B
Miscellaneous,Least Developed Countries,1,0,B
Miscellaneous,Lebanon,1,0,B
Miscellaneous,Lesotho,3,0,B
Miscellaneous,Liberia,2,0,B
Miscellaneous,Lithuania,1,0,B
Miscellaneous,Low Income Food Deficit Countries,0,0,B
Miscellaneous,Luxembourg,10,0,B
Miscellaneous,Madagascar,0,0,B
Miscellaneous,Malawi,0,0,B
Miscellaneous,Malaysia,0,0,B
Miscellaneous,Maldives,16,0,B
Miscellaneous,Mali,2,0,B
Miscellaneous,Malta,0,0,B
Miscellaneous,Mauritania,7,0,B
Miscellaneous,Mauritius,6,0,B
Miscellaneous,Melanesia,6,0,B
Miscellaneous,Mexico,0,0,B
Miscellaneous,Micronesia,3,0,B
Miscellaneous,Middle Africa,2,0,B
Miscellaneous,Mongolia,9,0,B
Miscellaneous,Montenegro,15,0,B
Miscellaneous,Morocco,2,0,B
Miscellaneous,Mozambique,0,0,B
Miscellaneous,Myanmar,2,0,B
Miscellaneous,Namibia,9,0,B
Miscellaneous,Nepal,1,0,B
Miscellaneous,Net Food Importing Developing Countries,1,0,B
Miscellaneous,Netherlands,0,0,B
Miscellaneous,Netherlands Antilles (former),0,0,B
Miscellaneous,New Caledonia,24,0,B
Miscellaneous,New Zealand,0,0,B
Miscellaneous,Nicaragua,6,0,B
Miscellaneous,Niger,3,0,B
Miscellaneous,Nigeria,0,0,B
Miscellaneous,Northern Africa,4,0,B
Miscellaneous,Northern America,1,0,B
Miscellaneous,Northern Europe,16,0,B
Miscellaneous,Norway,98,0,B
Miscellaneous,Oceania,11,0,B
Miscellaneous,Oman,0,0,B
Miscellaneous,Pakistan,0,0,B
Miscellaneous,Panama,11,0,B
Miscellaneous,Paraguay,2,0,B
Miscellaneous,Peru,1,0,B
Miscellaneous,Philippines,2,0,B
Miscellaneous,Poland,0,0,B
Miscellaneous,Polynesia,21,0,B
Miscellaneous,Portugal,2,0,B
Miscellaneous,Republic of Korea,0,0,B
Miscellaneous,Republic of Moldova,7,0,B
Miscellaneous,Romania,4,0,B
Miscellaneous,Russian Federation,1,0,B
Miscellaneous,Rwanda,1,0,B
Miscellaneous,Saint Kitts and Nevis,16,0,B
Miscellaneous,Saint Lucia,21,0,B
Miscellaneous,Saint Vincent and the Grenadines,21,0,B
Miscellaneous,Samoa,10,0,B
Miscellaneous,Sao Tome and Principe,10,0,B
Miscellaneous,Saudi Arabia,15,0,B
Miscellaneous,Senegal,0,0,B
Miscellaneous,Serbia,0,0,B
Miscellaneous,Serbia and Montenegro,0,0,B
Miscellaneous,Sierra Leone,1,0,B
Miscellaneous,Slovakia,3,0,B
Miscellaneous,Slovenia,12,0,B
Miscellaneous,Small Island Developing States,4,0,B
Miscellaneous,Solomon Islands,3,0,B
Miscellaneous,South Africa,0,0,B
Miscellaneous,South America,0,0,B
Miscellaneous,South-Eastern Asia,1,0,B
Miscellaneous,Southern Africa,2,0,B
Miscellaneous,Southern Asia,0,0,B
Miscellaneous,Southern Europe,1,0,B
Miscellaneous,Spain,0,0,B
Miscellaneous,Sri Lanka,0,0,B
Miscellaneous,Sudan,7,0,B
Miscellaneous,Sudan (former),0,0,B
Miscellaneous,Suriname,21,0,B
Miscellaneous,Swaziland,5,0,B
Miscellaneous,Sweden,9,0,B
Miscellaneous,Switzerland,0,0,B
Miscellaneous,Thailand,0,0,B
Miscellaneous,The former Yugoslav Republic of Macedonia,3,0,B
Miscellaneous,Timor-Leste,10,0,B
Miscellaneous,Togo,4,0,B
Miscellaneous,Trinidad and Tobago,0,0,B
Miscellaneous,Tunisia,0,0,B
Miscellaneous,Turkey,0,0,B
Miscellaneous,Uganda,0,0,B
Miscellaneous,Ukraine,0,0,B
Miscellaneous,United Arab Emirates,6,0,B
Miscellaneous,United Kingdom,14,0,B
Miscellaneous,United Republic of Tanzania,0,0,B
Miscellaneous,United States of America,0,0,B
Miscellaneous,Uruguay,6,0,B
Miscellaneous,Uzbekistan,1,0,B
Miscellaneous,Vanuatu,4,0,B
Miscellaneous,Venezuela (Bolivarian Republic of),1,0,B
Miscellaneous,Western Africa,1,0,B
Miscellaneous,Western Asia,4,0,B
Miscellaneous,Western Europe,1,0,B
Miscellaneous,World,1,0,B
Miscellaneous,Yemen,3,0,B
Miscellaneous,Yugoslav SFR,0,0,B
Miscellaneous,Zambia,1,0,B
Miscellaneous,Zimbabwe,2,0,B
Spices,Afghanistan,6,0,B
Spices,Africa,13,0,B
Spices,Albania,16,0,B
Spices,Algeria,21,0,B
Spices,Americas,20,0,B
Spices,Angola,4,0,B
Spices,Antigua and Barbuda,38,0,B
Spices,Argentina,15,0,B
Spices,Armenia,42,0,B
Spices,Asia,16,0,B
Spices,Australia,28,0,B
Spices,Australia & New Zealand,25,0,B
Spices,Austria,31,0,B
Spices,Azerbaijan,26,0,B
Spices,Bahamas,59,0,B
Spices,Bangladesh,24,0,B
Spices,Barbados,31,0,B
Spices,Belarus,35,0,B
Spices,Belgium,22,0,B
Spices,Belgium-Luxembourg,0,0,B
Spices,Belize,26,0,B
Spices,Benin,58,0,B
Spices,Bermuda,106,0,B
Spices,Bolivia (Plurinational State of),15,0,B
Spices,Bosnia and Herzegovina,113,0,B
Spices,Botswana,30,0,B
Spices,Brazil,10,0,B
Spices,Brunei Darussalam,75,0,B
Spices,Bulgaria,20,0,B
Spices,Burkina Faso,3,0,B
Spices,Cabo Verde,35,0,B
Spices,Cambodia,8,0,B
Spices,Cameroon,26,0,B
Spices,Canada,27,0,B
Spices,Caribbean,13,0,B
Spices,Central African Republic,2,0,B
Spices,Central America,12,0,B
Spices,Central Asia,22,0,B
Spices,Chad,0,0,B
Spices,Chile,12,0,B
Spices,China,4,0,B
Spices,"China, Hong Kong SAR",41,0,B
Spices,"China, Macao SAR",53,0,B
Spices,"China, mainland",3,0,B
Spices,"China, Taiwan Province of",34,0,B
Spices,Colombia,12,0,B
Spices,Congo,3,0,B
Spices,Costa Rica,16,0,B
Spices,Côte d'Ivoire,69,0,B
Spices,Croatia,86,0,B
Spices,Cuba,5,0,B
Spices,Cyprus,60,0,B
Spices,Czechia,42,0,B
Spices,Czechoslovakia,0,0,B
Spices,Democratic People's Republic of Korea,0,0,B
Spices,Denmark,79,0,B
Spices,Djibouti,26,0,B
Spices,Dominica,86,0,B
Spices,Dominican Republic,9,0,B
Spices,Eastern Africa,5,0,B
Spices,Eastern Asia,7,0,B
Spices,Eastern Europe,19,0,B
Spices,Ecuador,8,0,B
Spices,Egypt,16,0,B
Spices,El Salvador,8,0,B
Spices,Estonia,89,0,B
Spices,Ethiopia,13,0,B
Spices,Ethiopia PDR,0,0,B
Spices,Europe,30,0,B
Spices,European Union,34,0,B
Spices,Fiji,17,0,B
Spices,Finland,47,0,B
Spices,France,35,0,B
Spices,French Polynesia,37,0,B
Spices,Gabon,5,0,B
Spices,Gambia,4,0,B
Spices,Georgia,50,0,B
Spices,Germany,32,0,B
Spices,Ghana,51,0,B
Spices,Greece,37,0,B
Spices,Grenada,56,0,B
Spices,Guatemala,11,0,B
Spices,Guinea,4,0,B
Spices,Guinea-Bissau,2,0,B
Spices,Guyana,54,0,B
Spices,Haiti,3,0,B
Spices,Honduras,10,0,B
Spices,Hungary,32,0,B
Spices,Iceland,77,0,B
Spices,India,23,0,B
Spices,Indonesia,18,0,B
Spices,Iran (Islamic Republic of),11,0,B
Spices,Iraq,15,0,B
Spices,Ireland,38,0,B
Spices,Israel,41,0,B
Spices,Italy,12,0,B
Spices,Jamaica,70,0,B
Spices,Japan,34,0,B
Spices,Jordan,30,0,B
Spices,Kazakhstan,44,0,B
Spices,Kenya,3,0,B
Spices,Kiribati,2,0,B
Spices,Kuwait,104,0,B
Spices,Kyrgyzstan,37,0,B
Spices,Land Locked Developing Countries,14,0,B
Spices,Lao People's Democratic Republic,40,0,B
Spices,Latvia,60,0,B
Spices,Least Developed Countries,14,0,B
Spices,Lebanon,43,0,B
Spices,Lesotho,8,0,B
Spices,Liberia,7,0,B
Spices,Lithuania,18,0,B
Spices,Low Income Food Deficit Countries,19,0,B
Spices,Luxembourg,155,0,B
Spices,Madagascar,11,0,B
Spices,Malawi,2,0,B
Spices,Malaysia,47,0,B
Spices,Maldives,69,0,B
Spices,Mali,3,0,B
Spices,Malta,82,0,B
Spices,Mauritania,6,0,B
Spices,Mauritius,44,0,B
Spices,Melanesia,18,0,B
Spices,Mexico,12,0,B
Spices,Micronesia,2,0,B
Spices,Middle Africa,11,0,B
Spices,Mongolia,34,0,B
Spices,Montenegro,111,0,B
Spices,Morocco,24,0,B
Spices,Mozambique,2,0,B
Spices,Myanmar,21,0,B
Spices,Namibia,23,0,B
Spices,Nepal,40,0,B
Spices,Net Food Importing Developing Countries,16,0,B
Spices,Netherlands,18,0,B
Spices,Netherlands Antilles (former),0,0,B
Spices,New Caledonia,47,0,B
Spices,New Zealand,14,0,B
Spices,Nicaragua,6,0,B
Spices,Niger,4,0,B
Spices,Nigeria,12,0,B
Spices,Northern Africa,18,0,B
Spices,Northern America,29,0,B
Spices,Northern Europe,54,0,B
Spices,Norway,72,0,B
Spices,Oceania,25,0,B
Spices,Oman,65,0,B
Spices,Pakistan,13,0,B
Spices,Panama,18,0,B
Spices,Paraguay,25,0,B
Spices,Peru,43,0,B
Spices,Philippines,9,0,B
Spices,Poland,6,0,B
Spices,Polynesia,33,0,B
Spices,Portugal,52,0,B
Spices,Republic of Korea,10,0,B
Spices,Republic of Moldova,21,0,B
Spices,Romania,46,0,B
Spices,Russian Federation,15,0,B
Spices,Rwanda,2,0,B
Spices,Saint Kitts and Nevis,15,0,B
Spices,Saint Lucia,34,0,B
Spices,Saint Vincent and the Grenadines,72,0,B
Spices,Samoa,24,0,B
Spices,Sao Tome and Principe,5,0,B
Spices,Saudi Arabia,71,0,B
Spices,Senegal,7,0,B
Spices,Serbia,40,0,B
Spices,Serbia and Montenegro,0,0,B
Spices,Sierra Leone,14,0,B
Spices,Slovakia,41,0,B
Spices,Slovenia,82,0,B
Spices,Small Island Developing States,15,0,B
Spices,Solomon Islands,9,0,B
Spices,South Africa,12,0,B
Spices,South America,14,0,B
Spices,South-Eastern Asia,21,0,B
Spices,Southern Africa,12,0,B
Spices,Southern Asia,22,0,B
Spices,Southern Europe,29,0,B
Spices,Spain,29,0,B
Spices,Sri Lanka,42,0,B
Spices,Sudan,6,0,B
Spices,Sudan (former),0,0,B
Spices,Suriname,23,0,B
Spices,Swaziland,3,0,B
Spices,Sweden,30,0,B
Spices,Switzerland,21,0,B
Spices,Tajikistan,26,0,B
Spices,Thailand,44,0,B
Spices,The former Yugoslav Republic of Macedonia,67,0,B
Spices,Timor-Leste,14,0,B
Spices,Togo,9,0,B
Spices,Trinidad and Tobago,42,0,B
Spices,Tunisia,27,0,B
Spices,Turkey,23,0,B
Spices,Turkmenistan,31,0,B
Spices,Uganda,1,0,B
Spices,Ukraine,10,0,B
Spices,United Arab Emirates,51,0,B
Spices,United Kingdom,57,0,B
Spices,United Republic of Tanzania,1,0,B
Spices,United States of America,29,0,B
Spices,Uruguay,27,0,B
Spices,USSR,0,0,B
Spices,Uzbekistan,6,0,B
Spices,Vanuatu,14,0,B
Spices,Venezuela (Bolivarian Republic of),9,0,B
Spices,Viet Nam,20,0,B
Spices,Western Africa,17,0,B
Spices,Western Asia,33,0,B
Spices,Western Europe,30,0,B
Spices,World,18,0,B
Spices,Yemen,14,0,B
Spices,Yugoslav SFR,0,0,B
Spices,Zambia,3,0,B
Spices,Zimbabwe,10,0,B
Sugars,Afghanistan,87,0,B
Sugars,Africa,166,0,B
Sugars,Albania,197,0,B
Sugars,Algeria,265,0,B
Sugars,Americas,483,0,B
Sugars,Angola,146,0,B
Sugars,Antigua and Barbuda,302,0,B
Sugars,Argentina,469,0,B
Sugars,Armenia,326,0,B
Sugars,Asia,173,0,B
Sugars,Australia,385,0,B
Sugars,Australia & New Zealand,415,0,B
Sugars,Austria,436,0,B
Sugars,Azerbaijan,184,0,B
Sugars,Bahamas,353,0,B
Sugars,Bangladesh,77,0,B
Sugars,Barbados,557,0,B
Sugars,Belarus,307,0,B
Sugars,Belgium,496,0,B
Sugars,Belgium-Luxembourg,0,0,B
Sugars,Belize,411,0,B
Sugars,Benin,78,0,B
Sugars,Bermuda,342,0,B
Sugars,Bolivia (Plurinational State of),270,0,B
Sugars,Bosnia and Herzegovina,178,0,B
Sugars,Botswana,284,0,B
Sugars,Brazil,430,0,B
Sugars,Brunei Darussalam,382,0,B
Sugars,Bulgaria,271,0,B
Sugars,Burkina Faso,72,0,B
Sugars,Cabo Verde,185,0,B
Sugars,Cambodia,187,0,B
Sugars,Cameroon,103,0,B
Sugars,Canada,435,0,B
Sugars,Caribbean,367,0,B
Sugars,Central African Republic,76,0,B
Sugars,Central America,452,0,B
Sugars,Central Asia,171,0,B
Sugars,Chad,104,0,B
Sugars,Chile,457,0,B
Sugars,China,71,0,B
Sugars,"China, Hong Kong SAR",300,0,B
Sugars,"China, Macao SAR",271,0,B
Sugars,"China, mainland",67,0,B
Sugars,"China, Taiwan Province of",285,0,B
Sugars,Colombia,566,0,B
Sugars,Congo,172,0,B
Sugars,Costa Rica,510,0,B
Sugars,Côte d'Ivoire,103,0,B
Sugars,Croatia,401,0,B
Sugars,Cuba,519,0,B
Sugars,Cyprus,312,0,B
Sugars,Czechia,390,0,B
Sugars,Czechoslovakia,0,0,B
Sugars,Democratic People's Republic of Korea,38,0,B
Sugars,Denmark,483,0,B
Sugars,Djibouti,330,0,B
Sugars,Dominica,405,0,B
Sugars,Dominican Republic,333,0,B
Sugars,Eastern Africa,108,0,B
Sugars,Eastern Asia,94,0,B
Sugars,Eastern Europe,406,0,B
Sugars,Ecuador,224,0,B
Sugars,Egypt,312,0,B
Sugars,El Salvador,400,0,B
Sugars,Estonia,267,0,B
Sugars,Ethiopia,63,0,B
Sugars,Ethiopia PDR,0,0,B
Sugars,Europe,388,0,B
Sugars,European Union,377,0,B
Sugars,Fiji,332,0,B
Sugars,Finland,304,0,B
Sugars,France,373,0,B
Sugars,French Polynesia,221,0,B
Sugars,Gabon,152,0,B
Sugars,Gambia,258,0,B
Sugars,Georgia,337,0,B
Sugars,Germany,470,0,B
Sugars,Ghana,145,0,B
Sugars,Greece,279,0,B
Sugars,Grenada,376,0,B
Sugars,Guatemala,467,0,B
Sugars,Guinea,95,0,B
Sugars,Guinea-Bissau,105,0,B
Sugars,Guyana,390,0,B
Sugars,Haiti,174,0,B
Sugars,Honduras,452,0,B
Sugars,Hungary,342,0,B
Sugars,Iceland,435,0,B
Sugars,India,235,0,B
Sugars,Indonesia,164,0,B
Sugars,Iran (Islamic Republic of),275,0,B
Sugars,Iraq,179,0,B
Sugars,Ireland,395,0,B
Sugars,Israel,257,0,B
Sugars,Italy,308,0,B
Sugars,Jamaica,466,0,B
Sugars,Japan,255,0,B
Sugars,Jordan,464,0,B
Sugars,Kazakhstan,284,0,B
Sugars,Kenya,177,0,B
Sugars,Kiribati,446,0,B
Sugars,Kuwait,374,0,B
Sugars,Kyrgyzstan,268,0,B
Sugars,Land Locked Developing Countries,116,0,B
Sugars,Lao People's Democratic Republic,77,0,B
Sugars,Latvia,371,0,B
Sugars,Least Developed Countries,115,0,B
Sugars,Lebanon,398,0,B
Sugars,Lesotho,155,0,B
Sugars,Liberia,62,0,B
Sugars,Lithuania,408,0,B
Sugars,Low Income Food Deficit Countries,188,0,B
Sugars,Luxembourg,320,0,B
Sugars,Madagascar,73,0,B
Sugars,Malawi,81,0,B
Sugars,Malaysia,411,0,B
Sugars,Maldives,292,0,B
Sugars,Mali,100,0,B
Sugars,Malta,548,0,B
Sugars,Mauritania,352,0,B
Sugars,Mauritius,335,0,B
Sugars,Melanesia,217,0,B
Sugars,Mexico,458,0,B
Sugars,Micronesia,446,0,B
Sugars,Middle Africa,120,0,B
Sugars,Mongolia,145,0,B
Sugars,Montenegro,331,0,B
Sugars,Morocco,386,0,B
Sugars,Mozambique,110,0,B
Sugars,Myanmar,164,0,B
Sugars,Namibia,204,0,B
Sugars,Nepal,77,0,B
Sugars,Net Food Importing Developing Countries,188,0,B
Sugars,Netherlands,428,0,B
Sugars,Netherlands Antilles (former),0,0,B
Sugars,New Caledonia,239,0,B
Sugars,New Zealand,568,0,B
Sugars,Nicaragua,396,0,B
Sugars,Niger,53,0,B
Sugars,Nigeria,105,0,B
Sugars,Northern Africa,324,0,B
Sugars,Northern America,583,0,B
Sugars,Northern Europe,391,0,B
Sugars,Norway,314,0,B
Sugars,Oceania,399,0,B
Sugars,Oman,330,0,B
Sugars,Pakistan,284,0,B
Sugars,Panama,332,0,B
Sugars,Paraguay,248,0,B
Sugars,Peru,224,0,B
Sugars,Philippines,225,0,B
Sugars,Poland,431,0,B
Sugars,Polynesia,238,0,B
Sugars,Portugal,257,0,B
Sugars,Republic of Korea,347,0,B
Sugars,Republic of Moldova,208,0,B
Sugars,Romania,244,0,B
Sugars,Russian Federation,439,0,B
Sugars,Rwanda,50,0,B
Sugars,Saint Kitts and Nevis,423,0,B
Sugars,Saint Lucia,375,0,B
Sugars,Saint Vincent and the Grenadines,429,0,B
Sugars,Samoa,260,0,B
Sugars,Sao Tome and Principe,154,0,B
Sugars,Saudi Arabia,309,0,B
Sugars,Senegal,175,0,B
Sugars,Serbia,271,0,B
Sugars,Serbia and Montenegro,0,0,B
Sugars,Sierra Leone,57,0,B
Sugars,Slovakia,428,0,B
Sugars,Slovenia,234,0,B
Sugars,Small Island Developing States,341,0,B
Sugars,Solomon Islands,45,0,B
Sugars,South Africa,333,0,B
Sugars,South America,416,0,B
Sugars,South-Eastern Asia,205,0,B
Sugars,Southern Africa,319,0,B
Sugars,Southern Asia,225,0,B
Sugars,Southern Europe,297,0,B
Sugars,Spain,302,0,B
Sugars,Sri Lanka,295,0,B
Sugars,Sudan,350,0,B
Sugars,Sudan (former),0,0,B
Sugars,Suriname,427,0,B
Sugars,Swaziland,346,0,B
Sugars,Sweden,413,0,B
Sugars,Switzerland,583,0,B
Sugars,Tajikistan,184,0,B
Sugars,Thailand,439,0,B
Sugars,The former Yugoslav Republic of Macedonia,374,0,B
Sugars,Timor-Leste,107,0,B
Sugars,Togo,115,0,B
Sugars,Trinidad and Tobago,573,0,B
Sugars,Tunisia,337,0,B
Sugars,Turkey,308,0,B
Sugars,Turkmenistan,86,0,B
Sugars,Uganda,117,0,B
Sugars,Ukraine,429,0,B
Sugars,United Arab Emirates,361,0,B
Sugars,United Kingdom,394,0,B
Sugars,United Republic of Tanzania,107,0,B
Sugars,United States of America,600,0,B
Sugars,Uruguay,389,0,B
Sugars,USSR,0,0,B
Sugars,Uzbekistan,98,0,B
Sugars,Vanuatu,176,0,B
Sugars,Venezuela (Bolivarian Republic of),388,0,B
Sugars,Viet Nam,100,0,B
Sugars,Western Africa,107,0,B
Sugars,Western Asia,288,0,B
Sugars,Western Europe,438,0,B
Sugars,World,239,0,B
Sugars,Yemen,273,0,B
Sugars,Yugoslav SFR,0,0,B
Sugars,Zambia,99,0,B
Sugars,Zimbabwe,268,0,B
Vegetables,Afghanistan,17,160,A
Vegetables,Africa,38,160,A
Vegetables,Albania,123,160,A
Vegetables,Algeria,108,160,A
Vegetables,Americas,39,160,A
Vegetables,Angola,35,160,A
Vegetables,Antigua and Barbuda,53,160,A
Vegetables,Argentina,43,160,A
Vegetables,Armenia,158,160,A
Vegetables,Asia,113,160,A
Vegetables,Australia,61,160,A
Vegetables,Australia & New Zealand,64,160,A
Vegetables,Austria,64,160,A
Vegetables,Azerbaijan,71,160,A
Vegetables,Bahamas,71,160,A
Vegetables,Bangladesh,24,160,A
Vegetables,Barbados,57,160,A
Vegetables,Belarus,94,160,A
Vegetables,Belgium,103,160,A
Vegetables,Belgium-Luxembourg,0,160,A
Vegetables,Belize,30,160,A
Vegetables,Benin,16,160,A
Vegetables,Bermuda,107,160,A
Vegetables,Bolivia (Plurinational State of),26,160,A
Vegetables,Bosnia and Herzegovina,119,160,A
Vegetables,Botswana,30,160,A
Vegetables,Brazil,25,160,A
Vegetables,Brunei Darussalam,69,160,A
Vegetables,Bulgaria,28,160,A
Vegetables,Burkina Faso,11,160,A
Vegetables,Cabo Verde,65,160,A
Vegetables,Cambodia,23,160,A
Vegetables,Cameroon,44,160,A
Vegetables,Canada,69,160,A
Vegetables,Caribbean,36,160,A
Vegetables,Central African Republic,11,160,A
Vegetables,Central America,31,160,A
Vegetables,Central Asia,123,160,A
Vegetables,Chad,6,160,A
Vegetables,Chile,56,160,A
Vegetables,China,224,160,A
Vegetables,"China, Hong Kong SAR",104,160,A
Vegetables,"China, Macao SAR",67,160,A
Vegetables,"China, mainland",227,160,A
Vegetables,"China, Taiwan Province of",102,160,A
Vegetables,Colombia,24,160,A
Vegetables,Congo,39,160,A
Vegetables,Costa Rica,25,160,A
Vegetables,Côte d'Ivoire,33,160,A
Vegetables,Croatia,55,160,A
Vegetables,Cuba,59,160,A
Vegetables,Cyprus,64,160,A
Vegetables,Czechia,44,160,A
Vegetables,Czechoslovakia,0,160,A
Vegetables,Democratic People's Republic of Korea,79,160,A
Vegetables,Denmark,67,160,A
Vegetables,Djibouti,39,160,A
Vegetables,Dominica,64,160,A
Vegetables,Dominican Republic,24,160,A
Vegetables,Eastern Africa,19,160,A
Vegetables,Eastern Asia,208,160,A
Vegetables,Eastern Europe,68,160,A
Vegetables,Ecuador,18,160,A
Vegetables,Egypt,77,160,A
Vegetables,El Salvador,36,160,A
Vegetables,Estonia,74,160,A
Vegetables,Ethiopia,17,160,A
Vegetables,Ethiopia PDR,0,160,A
Vegetables,Europe,67,160,A
Vegetables,European Union,65,160,A
Vegetables,Fiji,33,160,A
Vegetables,Finland,51,160,A
Vegetables,France,60,160,A
Vegetables,French Polynesia,42,160,A
Vegetables,Gabon,26,160,A
Vegetables,Gambia,8,160,A
Vegetables,Georgia,30,160,A
Vegetables,Germany,57,160,A
Vegetables,Ghana,15,160,A
Vegetables,Greece,94,160,A
Vegetables,Grenada,28,160,A
Vegetables,Guatemala,33,160,A
Vegetables,Guinea,85,160,A
Vegetables,Guinea-Bissau,12,160,A
Vegetables,Guyana,66,160,A
Vegetables,Haiti,14,160,A
Vegetables,Honduras,21,160,A
Vegetables,Hungary,54,160,A
Vegetables,Iceland,47,160,A
Vegetables,India,55,160,A
Vegetables,Indonesia,35,160,A
Vegetables,Iran (Islamic Republic of),120,160,A
Vegetables,Iraq,55,160,A
Vegetables,Ireland,79,160,A
Vegetables,Israel,104,160,A
Vegetables,Italy,72,160,A
Vegetables,Jamaica,60,160,A
Vegetables,Japan,69,160,A
Vegetables,Jordan,62,160,A
Vegetables,Kazakhstan,96,160,A
Vegetables,Kenya,25,160,A
Vegetables,Kiribati,36,160,A
Vegetables,Kuwait,124,160,A
Vegetables,Kyrgyzstan,95,160,A
Vegetables,Land Locked Developing Countries,42,160,A
Vegetables,Lao People's Democratic Republic,124,160,A
Vegetables,Latvia,73,160,A
Vegetables,Least Developed Countries,29,160,A
Vegetables,Lebanon,87,160,A
Vegetables,Lesotho,10,160,A
Vegetables,Liberia,20,160,A
Vegetables,Lithuania,67,160,A
Vegetables,Low Income Food Deficit Countries,44,160,A
Vegetables,Luxembourg,75,160,A
Vegetables,Madagascar,10,160,A
Vegetables,Malawi,12,160,A
Vegetables,Malaysia,53,160,A
Vegetables,Maldives,66,160,A
Vegetables,Mali,29,160,A
Vegetables,Malta,115,160,A
Vegetables,Mauritania,22,160,A
Vegetables,Mauritius,45,160,A
Vegetables,Melanesia,29,160,A
Vegetables,Mexico,33,160,A
Vegetables,Micronesia,36,160,A
Vegetables,Middle Africa,31,160,A
Vegetables,Mongolia,37,160,A
Vegetables,Montenegro,120,160,A
Vegetables,Morocco,81,160,A
Vegetables,Mozambique,7,160,A
Vegetables,Myanmar,67,160,A
Vegetables,Namibia,23,160,A
Vegetables,Nepal,74,160,A
Vegetables,Net Food Importing Developing Countries,34,160,A
Vegetables,Netherlands,61,160,A
Vegetables,Netherlands Antilles (former),0,160,A
Vegetables,New Caledonia,52,160,A
Vegetables,New Zealand,83,160,A
Vegetables,Nicaragua,9,160,A
Vegetables,Niger,37,160,A
Vegetables,Nigeria,39,160,A
Vegetables,Northern Africa,83,160,A
Vegetables,Northern America,53,160,A
Vegetables,Northern Europe,60,160,A
Vegetables,Norway,48,160,A
Vegetables,Oceania,61,160,A
Vegetables,Oman,63,160,A
Vegetables,Pakistan,19,160,A
Vegetables,Panama,22,160,A
Vegetables,Paraguay,21,160,A
Vegetables,Peru,58,160,A
Vegetables,Philippines,47,160,A
Vegetables,Poland,55,160,A
Vegetables,Polynesia,32,160,A
Vegetables,Portugal,90,160,A
Vegetables,Republic of Korea,188,160,A
Vegetables,Republic of Moldova,61,160,A
Vegetables,Romania,97,160,A
Vegetables,Russian Federation,64,160,A
Vegetables,Rwanda,26,160,A
Vegetables,Saint Kitts and Nevis,16,160,A
Vegetables,Saint Lucia,23,160,A
Vegetables,Saint Vincent and the Grenadines,35,160,A
Vegetables,Samoa,19,160,A
Vegetables,Sao Tome and Principe,8,160,A
Vegetables,Saudi Arabia,60,160,A
Vegetables,Senegal,39,160,A
Vegetables,Serbia,59,160,A
Vegetables,Serbia and Montenegro,0,160,A
Vegetables,Sierra Leone,33,160,A
Vegetables,Slovakia,39,160,A
Vegetables,Slovenia,52,160,A
Vegetables,Small Island Developing States,35,160,A
Vegetables,Solomon Islands,8,160,A
Vegetables,South Africa,32,160,A
Vegetables,South America,31,160,A
Vegetables,South-Eastern Asia,50,160,A
Vegetables,Southern Africa,30,160,A
Vegetables,Southern Asia,51,160,A
Vegetables,Southern Europe,74,160,A
Vegetables,Spain,63,160,A
Vegetables,Sri Lanka,42,160,A
Vegetables,Sudan,61,160,A
Vegetables,Sudan (former),0,160,A
Vegetables,Suriname,51,160,A
Vegetables,Swaziland,14,160,A
Vegetables,Sweden,55,160,A
Vegetables,Switzerland,59,160,A
Vegetables,Tajikistan,92,160,A
Vegetables,Thailand,37,160,A
Vegetables,The former Yugoslav Republic of Macedonia,109,160,A
Vegetables,Timor-Leste,23,160,A
Vegetables,Togo,15,160,A
Vegetables,Trinidad and Tobago,27,160,A
Vegetables,Tunisia,119,160,A
Vegetables,Turkey,92,160,A
Vegetables,Turkmenistan,60,160,A
Vegetables,Uganda,18,160,A
Vegetables,Ukraine,90,160,A
Vegetables,United Arab Emirates,58,160,A
Vegetables,United Kingdom,60,160,A
Vegetables,United Republic of Tanzania,25,160,A
Vegetables,United States of America,51,160,A
Vegetables,Uruguay,37,160,A
Vegetables,USSR,0,160,A
Vegetables,Uzbekistan,163,160,A
Vegetables,Vanuatu,32,160,A
Vegetables,Venezuela (Bolivarian Republic of),27,160,A
Vegetables,Viet Nam,95,160,A
Vegetables,Western Africa,35,160,A
Vegetables,Western Asia,70,160,A
Vegetables,Western Europe,62,160,A
Vegetables,World,87,160,A
Vegetables,Yemen,15,160,A
Vegetables,Yugoslav SFR,0,160,A
Vegetables,Zambia,18,160,A
Vegetables,Zimbabwe,11,160,A
