area,food_group,ssr_645,ssr_664
Afghanistan,Alcohol,0,0
Afghanistan,Dairy,151.9203637,90.95126537
Afghanistan,Fats & Oils,1.795519328,15.15188246
Afghanistan,Fruits,75.53885068,40.40456432
Afghanistan,Grains (Starchy staples),435.5503683,1341.085888
Afghanistan,"Legumes, Nuts & Seeds",13.77261659,48.80202224
Afghanistan,Meats,36.83849285,69.11439825
Afghanistan,Miscellaneous,,
Afghanistan,Spices,1.030535492,0.756363636
Afghanistan,Sugars,7.575077236,26.71314224
Afghanistan,Vegetables,89.21579963,18.9289103
Albania,Alcohol,75.06710595,51.60216998
Albania,Dairy,792.5552642,508.2422465
Albania,Fats & Oils,4.335720216,36.34090909
Albania,Fruits,456.4953762,206.0240024
Albania,Grains (Starchy staples),335.3124497,787.16298
Albania,"Legumes, Nuts & Seeds",85.41727451,142.013961
Albania,Meats,165.9774081,291.8593651
Albania,Miscellaneous,,
Albania,Spices,0,0
Albania,Sugars,30.09779818,48.42722513
Albania,Vegetables,511.4049142,124.9284906
Algeria,Alcohol,10.78236649,5.661367837
Algeria,Dairy,193.1062284,114.0001906
Algeria,Fats & Oils,6.903195737,60.593996
Algeria,Fruits,296.0778742,178.8188838
Algeria,Grains (Starchy staples),369.9147464,860.3787886
Algeria,"Legumes, Nuts & Seeds",22.57998106,62.59173693
Algeria,Meats,79.03225484,111.7419188
Algeria,Miscellaneous,,
Algeria,Spices,0.907031964,1.266666667
Algeria,Sugars,0.301556009,1.025077208
Algeria,Vegetables,326.1368749,91.10251382
Angola,Alcohol,164.1108756,85.15501362
Angola,Dairy,23.12439977,13.7398521
Angola,Fats & Oils,8.727561398,76.34647256
Angola,Fruits,228.3999678,115.3827714
Angola,Grains (Starchy staples),940.7249825,1384.967135
Angola,"Legumes, Nuts & Seeds",32.4845177,119.4434587
Angola,Meats,69.06268911,101.4865388
Angola,Miscellaneous,,
Angola,Spices,4.547664208,5.056410256
Angola,Sugars,27.29858537,89.88470268
Angola,Vegetables,171.2799049,34.38679886
Antigua and Barbuda,Alcohol,0,0
Antigua and Barbuda,Dairy,148.2623963,98.61971831
Antigua and Barbuda,Fats & Oils,0,0
Antigua and Barbuda,Fruits,230.0513305,78.98850575
Antigua and Barbuda,Grains (Starchy staples),0,0
Antigua and Barbuda,"Legumes, Nuts & Seeds",0,0
Antigua and Barbuda,Meats,74.80212732,89.6
Antigua and Barbuda,Miscellaneous,,
Antigua and Barbuda,Spices,0,0
Antigua and Barbuda,Sugars,0,0
Antigua and Barbuda,Vegetables,43.63835615,13.00588235
Argentina,Alcohol,210.1941234,114.8622844
Argentina,Dairy,685.5802032,325.7560134
Argentina,Fats & Oils,149.9417295,1287.284124
Argentina,Fruits,346.2714693,119.1953577
Argentina,Grains (Starchy staples),1266.269728,3195.106909
Argentina,"Legumes, Nuts & Seeds",4.863074079,12.4008389
Argentina,Meats,425.4857258,795.7516847
Argentina,Miscellaneous,,
Argentina,Spices,22.45714441,14.59774983
Argentina,Sugars,134.4234894,478.8532346
Argentina,Vegetables,160.5695691,47.77817339
Armenia,Alcohol,45.34263699,43.84375
Armenia,Dairy,514.3861645,312.8764045
Armenia,Fats & Oils,3.526188558,29.29411765
Armenia,Fruits,499.5094795,162.5373886
Armenia,Grains (Starchy staples),365.7825646,840.9655905
Armenia,"Legumes, Nuts & Seeds",3.327332029,8.838095238
Armenia,Meats,111.6445673,189.0563798
Armenia,Miscellaneous,,
Armenia,Spices,0,0
Armenia,Sugars,35.29007721,120.0149933
Armenia,Vegetables,635.5475791,140.7172619
Australia,Alcohol,333.2524076,150.2613513
Australia,Dairy,977.4685086,499.2300719
Australia,Fats & Oils,108.747947,898.7880505
Australia,Fruits,279.7296863,104.4980488
Australia,Grains (Starchy staples),1071.304819,2212.638482
Australia,"Legumes, Nuts & Seeds",85.22572523,197.5072363
Australia,Meats,550.1988373,717.4153067
Australia,Miscellaneous,,
Australia,Spices,0.361803431,0.399029126
Australia,Sugars,135.1451086,417.630876
Australia,Vegetables,177.9512822,53.97392224
Austria,Alcohol,368.5074782,226.9464244
Austria,Dairy,909.2626076,391.2104724
Austria,Fats & Oils,64.05888936,535.1706516
Austria,Fruits,274.3551586,116.679857
Austria,Grains (Starchy staples),471.1675339,1010.427052
Austria,"Legumes, Nuts & Seeds",18.31034389,51.62864583
Austria,Meats,333.1320627,479.2311678
Austria,Miscellaneous,,
Austria,Spices,0,0
Austria,Sugars,143.3156434,499.875343
Austria,Vegetables,163.065877,44.62961177
Azerbaijan,Alcohol,155.5734371,142.0468811
Azerbaijan,Dairy,363.1882836,204.2096033
Azerbaijan,Fats & Oils,7.80348545,62.24102564
Azerbaijan,Fruits,360.6794409,138.8299505
Azerbaijan,Grains (Starchy staples),587.7301883,1317.978421
Azerbaijan,"Legumes, Nuts & Seeds",10.37601526,32.52303797
Azerbaijan,Meats,102.5412668,181.7615163
Azerbaijan,Miscellaneous,,
Azerbaijan,Spices,1.015890411,4.56
Azerbaijan,Sugars,30.05834989,111.4396947
Azerbaijan,Vegetables,326.3829733,72.26393363
Bahamas,Alcohol,44.92316855,82.82608696
Bahamas,Dairy,14.09364694,9.05509434
Bahamas,Fats & Oils,0,0
Bahamas,Fruits,343.1824229,89.77335702
Bahamas,Grains (Starchy staples),14.29214359,36.01264822
Bahamas,"Legumes, Nuts & Seeds",19.21917808,46.125
Bahamas,Meats,112.3678016,160.2742718
Bahamas,Miscellaneous,,
Bahamas,Spices,0,0
Bahamas,Sugars,84.93921233,264.0208333
Bahamas,Vegetables,153.3645955,39.70607735
Bangladesh,Alcohol,0,0
Bangladesh,Dairy,49.01252799,30.57756233
Bangladesh,Fats & Oils,2.257581939,19.84914749
Bangladesh,Fruits,63.70790052,27.59717979
Bangladesh,Grains (Starchy staples),651.6124287,1989.079812
Bangladesh,"Legumes, Nuts & Seeds",9.229347443,31.06932383
Bangladesh,Meats,70.72350747,60.72472413
Bangladesh,Miscellaneous,,
Bangladesh,Spices,7.110999354,19.24980048
Bangladesh,Sugars,22.2474709,62.96207207
Bangladesh,Vegetables,60.37804578,19.78621085
Barbados,Alcohol,185.3557493,95.02020202
Barbados,Dairy,57.07467584,38.00213904
Barbados,Fats & Oils,22.80800843,187.6923077
Barbados,Fruits,52.84543936,18.13170732
Barbados,Grains (Starchy staples),9.308310054,20.74643735
Barbados,"Legumes, Nuts & Seeds",5.780821918,15.6875
Barbados,Meats,167.4908997,222.4788732
Barbados,Miscellaneous,,
Barbados,Spices,0,0
Barbados,Sugars,159.0446304,552.7462116
Barbados,Vegetables,86.30831052,27.2152381
Belarus,Alcohol,182.1851804,189.1365201
Belarus,Dairy,916.1361504,424.0318961
Belarus,Fats & Oils,71.94824766,597.019507
Belarus,Fruits,178.6901098,66.57858579
Belarus,Grains (Starchy staples),814.209812,1196.564326
Belarus,"Legumes, Nuts & Seeds",10.65381058,32.50093148
Belarus,Meats,363.2355131,542.0096102
Belarus,Miscellaneous,,
Belarus,Spices,0,0
Belarus,Sugars,112.9112367,333.4184264
Belarus,Vegetables,338.0774832,88.78145756
Belgium,Alcohol,452.4283706,263.6196805
Belgium,Dairy,676.5688743,426.3929054
Belgium,Fats & Oils,77.20996714,619.6367861
Belgium,Fruits,176.9777316,63.13018373
Belgium,Grains (Starchy staples),409.3496859,750.2287285
Belgium,"Legumes, Nuts & Seeds",0.807524309,1.976392919
Belgium,Meats,497.1547585,597.9152678
Belgium,Miscellaneous,,
Belgium,Spices,0,0
Belgium,Sugars,141.464669,478.9656861
Belgium,Vegetables,396.753003,140.1220521
Belize,Alcohol,87.87599134,66.61052632
Belize,Dairy,36.21688024,21.98225806
Belize,Fats & Oils,1.361549363,10.89655172
Belize,Fruits,2665.332963,748.5746835
Belize,Grains (Starchy staples),341.2995133,930.4278388
Belize,"Legumes, Nuts & Seeds",97.81777637,297.5023256
Belize,Meats,188.6161274,273.3520343
Belize,Miscellaneous,,
Belize,Spices,0,0
Belize,Sugars,130.2781455,459.1885278
Belize,Vegetables,93.51203256,24.64864865
Benin,Alcohol,30.58839289,15.64511041
Benin,Dairy,11.17582065,8.25338809
Benin,Fats & Oils,15.94416639,140.5557522
Benin,Fruits,177.6355887,56.74619579
Benin,Grains (Starchy staples),995.1853846,1713.223063
Benin,"Legumes, Nuts & Seeds",82.3935453,311.2374448
Benin,Meats,35.73303819,34.39524073
Benin,Miscellaneous,,
Benin,Spices,13.29127202,42.16
Benin,Sugars,8.176598384,30.06580407
Benin,Vegetables,44.30951516,12.97348315
Bermuda,Alcohol,0,0
Bermuda,Dairy,32.12161711,17.46341463
Bermuda,Fats & Oils,0,0
Bermuda,Fruits,0,0
Bermuda,Grains (Starchy staples),28.18786693,82.42857143
Bermuda,"Legumes, Nuts & Seeds",0,0
Bermuda,Meats,0,0
Bermuda,Miscellaneous,,
Bermuda,Spices,0,0
Bermuda,Sugars,0,0
Bermuda,Vegetables,127.4472901,33.96521739
Bolivia (Plurinational State of),Alcohol,87.09557183,35.70395349
Bolivia (Plurinational State of),Dairy,123.5478586,71.23676652
Bolivia (Plurinational State of),Fats & Oils,66.6537026,541.0822464
Bolivia (Plurinational State of),Fruits,153.4653517,50.21208307
Bolivia (Plurinational State of),Grains (Starchy staples),554.3694243,1065.770152
Bolivia (Plurinational State of),"Legumes, Nuts & Seeds",37.25758147,93.85896578
Bolivia (Plurinational State of),Meats,210.5445031,325.3335601
Bolivia (Plurinational State of),Miscellaneous,,
Bolivia (Plurinational State of),Spices,9.585520482,12.27922705
Bolivia (Plurinational State of),Sugars,73.13171,266.2832442
Bolivia (Plurinational State of),Vegetables,73.14739942,26.07534517
Bosnia and Herzegovina,Alcohol,109.8838556,114.1412955
Bosnia and Herzegovina,Dairy,446.2993185,267.2882146
Bosnia and Herzegovina,Fats & Oils,10.78630137,92.63529412
Bosnia and Herzegovina,Fruits,215.6943589,92.13042462
Bosnia and Herzegovina,Grains (Starchy staples),482.1902645,1088.292129
Bosnia and Herzegovina,"Legumes, Nuts & Seeds",7.381668669,25.10787519
Bosnia and Herzegovina,Meats,77.49932472,128.6960094
Bosnia and Herzegovina,Miscellaneous,,
Bosnia and Herzegovina,Spices,19.31397625,50.05315615
Bosnia and Herzegovina,Sugars,8.942763279,28.14841629
Bosnia and Herzegovina,Vegetables,454.7775611,108.7649651
Botswana,Alcohol,118.5847685,59.31511254
Botswana,Dairy,143.0033611,86.40274914
Botswana,Fats & Oils,9.086706541,78.87887324
Botswana,Fruits,9.861249296,2.704830054
Botswana,Grains (Starchy staples),162.9482159,397.5141129
Botswana,"Legumes, Nuts & Seeds",13.12672576,44.01176471
Botswana,Meats,128.5590446,157.5358974
Botswana,Miscellaneous,,
Botswana,Spices,0,0
Botswana,Sugars,0,0
Botswana,Vegetables,48.2921252,13.62067039
Brazil,Alcohol,190.8071896,95.66898478
Brazil,Dairy,390.9455168,240.8166807
Brazil,Fats & Oils,67.36510293,578.3271653
Brazil,Fruits,481.8782455,183.2034034
Brazil,Grains (Starchy staples),507.7635935,1152.487522
Brazil,"Legumes, Nuts & Seeds",163.1437626,393.2541197
Brazil,Meats,389.7552675,600.5247454
Brazil,Miscellaneous,,
Brazil,Spices,47.20723531,27.47602963
Brazil,Sugars,167.1632184,443.2789054
Brazil,Vegetables,86.67056883,24.19410902
Brunei Darussalam,Alcohol,0,0
Brunei Darussalam,Dairy,0,0
Brunei Darussalam,Fats & Oils,0,0
Brunei Darussalam,Fruits,41.17616123,12.47126437
Brunei Darussalam,Grains (Starchy staples),25.47859281,79.6781491
Brunei Darussalam,"Legumes, Nuts & Seeds",0,0
Brunei Darussalam,Meats,218.9859141,251.7392226
Brunei Darussalam,Miscellaneous,,
Brunei Darussalam,Spices,0,0
Brunei Darussalam,Sugars,0,0
Brunei Darussalam,Vegetables,74.90954781,24.68270677
Bulgaria,Alcohol,260.8223796,188.9628031
Bulgaria,Dairy,368.7044128,218.1161673
Bulgaria,Fats & Oils,58.41158411,486.7769944
Bulgaria,Fruits,128.4428615,49.73777778
Bulgaria,Grains (Starchy staples),954.1165085,2207.075799
Bulgaria,"Legumes, Nuts & Seeds",63.05572665,161.3639849
Bulgaria,Meats,122.5981261,176.3786536
Bulgaria,Miscellaneous,,
Bulgaria,Spices,13.48495015,15.60544218
Bulgaria,Sugars,45.74041859,158.0257069
Bulgaria,Vegetables,116.3705941,23.91454697
Burkina Faso,Alcohol,571.599072,181.4344448
Burkina Faso,Dairy,54.06520855,40.73023967
Burkina Faso,Fats & Oils,11.69975177,102.1852349
Burkina Faso,Fruits,17.55546,5.930044843
Burkina Faso,Grains (Starchy staples),577.5002871,1622.154685
Burkina Faso,"Legumes, Nuts & Seeds",93.71918502,398.321074
Burkina Faso,Meats,58.36155105,86.66196796
Burkina Faso,Miscellaneous,,
Burkina Faso,Spices,1.01618929,1.363636364
Burkina Faso,Sugars,15.29024787,54.65227193
Burkina Faso,Vegetables,42.30606654,11.27731092
Cabo Verde,Alcohol,36.13197209,19.86226415
Cabo Verde,Dairy,63.34749023,41.11407942
Cabo Verde,Fats & Oils,0,0
Cabo Verde,Fruits,172.8179328,53.12727273
Cabo Verde,Grains (Starchy staples),92.86446821,237.9461173
Cabo Verde,"Legumes, Nuts & Seeds",44.75539263,119.1380282
Cabo Verde,Meats,171.5549132,255.5291339
Cabo Verde,Miscellaneous,,
Cabo Verde,Spices,7.509589041,17.4
Cabo Verde,Sugars,33.9994997,119.1304348
Cabo Verde,Vegetables,158.7319834,46.0173913
Cambodia,Alcohol,54.04045881,33.9766323
Cambodia,Dairy,4.291633647,2.997520661
Cambodia,Fats & Oils,8.011282343,67.03194444
Cambodia,Fruits,66.08948733,30.6628734
Cambodia,Grains (Starchy staples),576.0996184,1771.770201
Cambodia,"Legumes, Nuts & Seeds",34.59411555,137.7878261
Cambodia,Meats,157.7182717,200.3354747
Cambodia,Miscellaneous,,
Cambodia,Spices,2.701800831,6.357303371
Cambodia,Sugars,42.56816182,114.5897108
Cambodia,Vegetables,98.94090761,22.04218009
Cameroon,Alcohol,194.594821,81.65867017
Cameroon,Dairy,30.55816238,20.49987805
Cameroon,Fats & Oils,24.06531195,211.1058452
Cameroon,Fruits,286.2390958,120.1391224
Cameroon,Grains (Starchy staples),796.1254759,1395.158678
Cameroon,"Legumes, Nuts & Seeds",90.54403443,354.0483967
Cameroon,Meats,56.99784289,64.71898734
Cameroon,Miscellaneous,,
Cameroon,Spices,27.48974164,67.21465798
Cameroon,Sugars,67.87351952,98.10666667
Cameroon,Vegetables,185.4796043,41.18300096
Canada,Alcohol,212.3595488,95.57378803
Canada,Dairy,538.0856918,241.0951458
Canada,Fats & Oils,200.0807009,1596.610745
Canada,Fruits,96.05228511,32.7974912
Canada,Grains (Starchy staples),960.6426826,1816.620228
Canada,"Legumes, Nuts & Seeds",148.4356408,525.0937861
Canada,Meats,433.4900258,546.6864345
Canada,Miscellaneous,,
Canada,Spices,0.745830958,0.633769322
Canada,Sugars,69.37886437,230.0310013
Canada,Vegetables,140.1299075,39.89275602
Central African Republic,Alcohol,54.54673024,22.49667406
Central African Republic,Dairy,42.97825165,26.78969072
Central African Republic,Fats & Oils,31.67015242,278.478169
Central African Republic,Fruits,107.4769737,53.86646154
Central African Republic,Grains (Starchy staples),850.612441,1147.950977
Central African Republic,"Legumes, Nuts & Seeds",44.92366995,179.1400332
Central African Republic,Meats,127.9007753,193.4233863
Central African Republic,Miscellaneous,,
Central African Republic,Spices,3.70315664,1.765217391
Central African Republic,Sugars,21.79360731,73.76507937
Central African Republic,Vegetables,54.36712329,11.37477876
Chad,Alcohol,14.44180318,5.52462908
Chad,Dairy,57.20298073,38.31555243
Chad,Fats & Oils,9.743631068,85.97104072
Chad,Fruits,24.20227629,15.72139303
Chad,Grains (Starchy staples),573.0160901,1397.746693
Chad,"Legumes, Nuts & Seeds",69.07583759,318.6848601
Chad,Meats,52.62365617,71.89171648
Chad,Miscellaneous,,
Chad,Spices,0,0
Chad,Sugars,22.58234221,80.53845557
Chad,Vegetables,21.52328767,5.6
Chile,Alcohol,270.9158898,153.8846981
Chile,Dairy,293.9373904,149.3955606
Chile,Fats & Oils,11.62119501,95.17898194
Chile,Fruits,395.4263475,172.5311379
Chile,Grains (Starchy staples),362.1099862,842.9215096
Chile,"Legumes, Nuts & Seeds",17.54373225,51.16567915
Chile,Meats,533.4645568,907.2547691
Chile,Miscellaneous,,
Chile,Spices,0,0
Chile,Sugars,103.9293327,364.4100633
Chile,Vegetables,190.5515583,61.09800402
China,Alcohol,115.231768,92.22290667
China,Dairy,75.83095605,49.84087447
China,Fats & Oils,18.68606967,157.2465628
China,Fruits,321.0014566,111.6176595
China,Grains (Starchy staples),570.9128077,1510.657522
China,"Legumes, Nuts & Seeds",16.93986657,62.86582451
China,Meats,303.8322873,575.7659214
China,Miscellaneous,,
China,Spices,5.072451481,5.09080333
China,Sugars,19.56081467,68.41719869
China,Vegetables,869.1430435,219.255244
"China, Hong Kong SAR",Alcohol,16.1490911,10.0608365
"China, Hong Kong SAR",Dairy,0,0
"China, Hong Kong SAR",Fats & Oils,11.32143952,90.69740113
"China, Hong Kong SAR",Fruits,1.589267326,0.619305239
"China, Hong Kong SAR",Grains (Starchy staples),0,0
"China, Hong Kong SAR","Legumes, Nuts & Seeds",0,0
"China, Hong Kong SAR",Meats,116.5206888,159.2877314
"China, Hong Kong SAR",Miscellaneous,,
"China, Hong Kong SAR",Spices,0.37088192,0.768595041
"China, Hong Kong SAR",Sugars,0.374630012,1.140257771
"China, Hong Kong SAR",Vegetables,12.48797486,5.158311719
"China, Macao SAR",Alcohol,6.827095243,5.401574803
"China, Macao SAR",Dairy,0,0
"China, Macao SAR",Fats & Oils,0,0
"China, Macao SAR",Fruits,0,0
"China, Macao SAR",Grains (Starchy staples),0,0
"China, Macao SAR","Legumes, Nuts & Seeds",0,0
"China, Macao SAR",Meats,67.61702732,97.15777351
"China, Macao SAR",Miscellaneous,,
"China, Macao SAR",Spices,0,0
"China, Macao SAR",Sugars,0,0
"China, Macao SAR",Vegetables,0,0
"China, Taiwan Province of",Alcohol,78.34908858,66.4940239
"China, Taiwan Province of",Dairy,40.30017927,22.79975191
"China, Taiwan Province of",Fats & Oils,40.36205476,349.5221278
"China, Taiwan Province of",Fruits,283.3675351,109.7984871
"China, Taiwan Province of",Grains (Starchy staples),53.29065561,153.3060115
"China, Taiwan Province of","Legumes, Nuts & Seeds",6.650537598,16.50840364
"China, Taiwan Province of",Meats,279.0216542,426.4498872
"China, Taiwan Province of",Miscellaneous,,
"China, Taiwan Province of",Spices,6.063856691,14.41923077
"China, Taiwan Province of",Sugars,49.86863144,165.1095088
"China, Taiwan Province of",Vegetables,270.1907423,94.78054863
"China, mainland",Alcohol,116.3860962,92.70957987
"China, mainland",Dairy,76.81680213,50.33130643
"China, mainland",Fats & Oils,18.26536241,153.9355118
"China, mainland",Fruits,323.4491573,112.8309028
"China, mainland",Grains (Starchy staples),584.5642254,1545.320184
"China, mainland","Legumes, Nuts & Seeds",16.77118781,62.9719381
"China, mainland",Meats,305.7234114,583.2474388
"China, mainland",Miscellaneous,,
"China, mainland",Spices,5.069933218,4.303547963
"China, mainland",Sugars,18.19359781,64.84945658
"China, mainland",Vegetables,883.9727853,222.3730302
Colombia,Alcohol,118.0975015,59.35297308
Colombia,Dairy,299.474847,180.5815297
Colombia,Fats & Oils,37.36257522,327.4829954
Colombia,Fruits,334.8546749,124.6069916
Colombia,Grains (Starchy staples),382.6552175,690.5676493
Colombia,"Legumes, Nuts & Seeds",12.73393932,38.13457944
Colombia,Meats,167.6892479,251.5035172
Colombia,Miscellaneous,,
Colombia,Spices,32.07177436,45.38613569
Colombia,Sugars,160.2417002,561.9871858
Colombia,Vegetables,67.14620497,21.67431193
Congo,Alcohol,96.66376217,46.01365979
Congo,Dairy,0.657202828,0.435483871
Congo,Fats & Oils,14.54678143,123.9876106
Congo,Fruits,116.7584209,57.56140351
Congo,Grains (Starchy staples),789.0091077,1113.871598
Congo,"Legumes, Nuts & Seeds",18.93917305,76.57522936
Congo,Meats,83.08080413,83.76623377
Congo,Miscellaneous,,
Congo,Spices,1.219068494,3.24
Congo,Sugars,44.28676422,146.8237201
Congo,Vegetables,84.36172551,35.9298103
Costa Rica,Alcohol,56.92666968,72.77619048
Costa Rica,Dairy,537.869955,318.0629255
Costa Rica,Fats & Oils,86.14984375,722.1653516
Costa Rica,Fruits,1724.470473,587.4304457
Costa Rica,Grains (Starchy staples),159.1663905,396.5918023
Costa Rica,"Legumes, Nuts & Seeds",7.446634474,23.65863309
Costa Rica,Meats,205.8018066,234.7107401
Costa Rica,Miscellaneous,,
Costa Rica,Spices,58.46178956,64.02269504
Costa Rica,Sugars,153.1000887,541.3813586
Costa Rica,Vegetables,195.0814708,66.78654971
Croatia,Alcohol,265.5291822,158.8756551
Croatia,Dairy,491.277266,247.7311152
Croatia,Fats & Oils,33.49950672,249.459268
Croatia,Fruits,234.0679531,98.8658141
Croatia,Grains (Starchy staples),494.9725873,1075.581667
Croatia,"Legumes, Nuts & Seeds",46.41196497,113.0740984
Croatia,Meats,208.5268088,286.7539711
Croatia,Miscellaneous,,
Croatia,Spices,0,0
Croatia,Sugars,118.1308531,379.5872961
Croatia,Vegetables,115.2101181,36.16734426
Cuba,Alcohol,91.65560776,65.38299055
Cuba,Dairy,137.721573,74.67862517
Cuba,Fats & Oils,5.860980999,50.34193548
Cuba,Fruits,419.7744378,125.1572832
Cuba,Grains (Starchy staples),444.753276,905.8595561
Cuba,"Legumes, Nuts & Seeds",20.15447027,60.49039577
Cuba,Meats,113.9947745,193.3317545
Cuba,Miscellaneous,,
Cuba,Spices,2.423277672,2.084671533
Cuba,Sugars,163.0485444,580.4030367
Cuba,Vegetables,237.4063257,59.26304373
Cyprus,Alcohol,90.0350249,60.85227273
Cyprus,Dairy,311.7016623,229.2634978
Cyprus,Fats & Oils,14.19803908,123.4010152
Cyprus,Fruits,351.5848791,135.1060109
Cyprus,Grains (Starchy staples),110.1397692,257.7377953
Cyprus,"Legumes, Nuts & Seeds",22.94001749,69.81276596
Cyprus,Meats,176.7979302,236.8520291
Cyprus,Miscellaneous,,
Cyprus,Spices,0,0
Cyprus,Sugars,0.484085204,1.506806283
Cyprus,Vegetables,195.8175421,58.48273381
Czechia,Alcohol,467.1703049,280.9677419
Czechia,Dairy,631.5322649,349.4566268
Czechia,Fats & Oils,78.02073516,649.2026886
Czechia,Fruits,55.75627361,19.64718455
Czechia,Grains (Starchy staples),686.9696286,1333.657063
Czechia,"Legumes, Nuts & Seeds",23.22644795,73.6248833
Czechia,Meats,184.363905,250.4240972
Czechia,Miscellaneous,,
Czechia,Spices,0.722300096,1.684883721
Czechia,Sugars,111.7879438,371.8817661
Czechia,Vegetables,43.59268398,12.07660227
Côte d'Ivoire,Alcohol,116.2740692,52.56264501
Côte d'Ivoire,Dairy,4.335862311,2.941025641
Côte d'Ivoire,Fats & Oils,59.42164454,520.3677519
Côte d'Ivoire,Fruits,72.38219376,24.96994668
Côte d'Ivoire,Grains (Starchy staples),1181.828556,1784.27895
Côte d'Ivoire,"Legumes, Nuts & Seeds",66.12235,230.5586153
Côte d'Ivoire,Meats,52.57126895,52.15641457
Côte d'Ivoire,Miscellaneous,,
Côte d'Ivoire,Spices,128.8840528,182.3621451
Côte d'Ivoire,Sugars,30.57354921,97.53005735
Côte d'Ivoire,Vegetables,82.4208243,28.4183546
Democratic People's Republic of Korea,Alcohol,22.27783825,52.30273973
Democratic People's Republic of Korea,Dairy,10.27800224,6.214785992
Democratic People's Republic of Korea,Fats & Oils,11.04505929,96.24980237
Democratic People's Republic of Korea,Fruits,163.0505164,66.43323572
Democratic People's Republic of Korea,Grains (Starchy staples),484.7605424,1214.520871
Democratic People's Republic of Korea,"Legumes, Nuts & Seeds",40.2170187,137.179803
Democratic People's Republic of Korea,Meats,80.93713891,119.6582278
Democratic People's Republic of Korea,Spices,0,0
Democratic People's Republic of Korea,Sugars,0,0
Democratic People's Republic of Korea,Vegetables,353.1342465,83.4
Denmark,Alcohol,311.7750314,194.9074099
Denmark,Dairy,1760.981059,863.8295214
Denmark,Fats & Oils,52.9497933,439.8390533
Denmark,Fruits,39.31467042,14.97996431
Denmark,Grains (Starchy staples),613.3171061,1089.923652
Denmark,"Legumes, Nuts & Seeds",17.52689619,47.5516184
Denmark,Meats,1121.11972,1699.237958
Denmark,Spices,0,0
Denmark,Sugars,137.803649,441.6511559
Denmark,Vegetables,129.6545418,36.29772884
Djibouti,Alcohol,0,0
Djibouti,Dairy,49.31176431,31.82713568
Djibouti,Fats & Oils,0,0
Djibouti,Fruits,15.76703257,5.231788079
Djibouti,Grains (Starchy staples),0,0
Djibouti,"Legumes, Nuts & Seeds",7.899326676,28.59661017
Djibouti,Meats,49.59753177,80.56576577
Djibouti,Miscellaneous,,
Djibouti,Spices,1.573867229,2.615384615
Djibouti,Sugars,0,0
Djibouti,Vegetables,103.7187215,25.06666667
Dominica,Alcohol,26.23013699,42.4
Dominica,Dairy,224.842618,131.3481481
Dominica,Fats & Oils,3.941291585,33
Dominica,Fruits,973.3018669,278.5581395
Dominica,Grains (Starchy staples),587.4015196,974.2915966
Dominica,"Legumes, Nuts & Seeds",122.3715068,237.12
Dominica,Meats,40.80491261,60.06896552
Dominica,Miscellaneous,,
Dominica,Spices,inf,inf
Dominica,Sugars,87.49912187,264.7435897
Dominica,Vegetables,210.460274,54.4
Dominican Republic,Alcohol,137.4130126,93.94026187
Dominican Republic,Dairy,147.8796826,85.77983635
Dominican Republic,Fats & Oils,17.11834718,149.695082
Dominican Republic,Fruits,605.7498626,225.1323206
Dominican Republic,Grains (Starchy staples),206.6770784,433.228153
Dominican Republic,"Legumes, Nuts & Seeds",52.37374298,126.9156069
Dominican Republic,Meats,159.7081724,211.2058537
Dominican Republic,Miscellaneous,,
Dominican Republic,Spices,24.59058964,29.16645963
Dominican Republic,Sugars,95.42486822,333.018417
Dominican Republic,Vegetables,77.23027335,23.93665158
Ecuador,Alcohol,103.5804882,50.05477793
Ecuador,Dairy,369.9252678,221.1178416
Ecuador,Fats & Oils,69.2748626,587.9162199
Ecuador,Fruits,1359.243835,603.2531541
Ecuador,Grains (Starchy staples),311.5195305,695.9417838
Ecuador,"Legumes, Nuts & Seeds",9.895351448,35.60655738
Ecuador,Meats,292.0334113,434.6341463
Ecuador,Miscellaneous,,
Ecuador,Spices,34.02915068,94.47466667
Ecuador,Sugars,55.28932527,195.2576413
Ecuador,Vegetables,65.85683867,20.42746114
Egypt,Alcohol,5.100884342,2.008438819
Egypt,Dairy,156.0529983,90.1151117
Egypt,Fats & Oils,7.015015019,58.60106024
Egypt,Fruits,587.8181383,233.9782718
Egypt,Grains (Starchy staples),496.0783681,1420.844539
Egypt,"Legumes, Nuts & Seeds",15.08692589,44.14676414
Egypt,Meats,125.6999952,143.7603135
Egypt,Miscellaneous,,
Egypt,Spices,2.804695339,4.241908007
Egypt,Sugars,178.0167032,302.3453648
Egypt,Vegetables,335.6590232,91.32381119
El Salvador,Alcohol,72.32263341,50.37313433
El Salvador,Dairy,206.3428355,116.6749614
El Salvador,Fats & Oils,1.151741575,9.400826446
El Salvador,Fruits,107.3604386,36.00502513
El Salvador,Grains (Starchy staples),264.1398156,738.1444258
El Salvador,"Legumes, Nuts & Seeds",59.05673293,165.2877446
El Salvador,Meats,110.9174968,136.5994587
El Salvador,Miscellaneous,,
El Salvador,Spices,33.67593647,31.12743363
El Salvador,Sugars,119.4314501,423.783055
El Salvador,Vegetables,51.63002767,13.87722529
Estonia,Alcohol,323.7032877,296.31
Estonia,Dairy,1085.236716,604.3105601
Estonia,Fats & Oils,26.98229201,224.7719512
Estonia,Fruits,24.41613932,9.440128411
Estonia,Grains (Starchy staples),772.5344462,1457.433341
Estonia,"Legumes, Nuts & Seeds",32.77100376,101.2142349
Estonia,Meats,356.7207453,488.0847262
Estonia,Miscellaneous,,
Estonia,Spices,0,0
Estonia,Sugars,2.498879203,8.227272727
Estonia,Vegetables,146.8110121,40.66796117
Eswatini,Alcohol,168.2572236,69.80154639
Eswatini,Dairy,85.53829664,60.01043478
Eswatini,Fats & Oils,2.329680365,20.33333333
Eswatini,Fruits,257.4499674,88.93333333
Eswatini,Grains (Starchy staples),229.1837741,585.2997685
Eswatini,"Legumes, Nuts & Seeds",14.39773264,52.24137931
Eswatini,Meats,67.00798386,108.392638
Eswatini,Miscellaneous,,
Eswatini,Spices,0,0
Eswatini,Sugars,94.87760753,348.0477612
Eswatini,Vegetables,16.51058531,5.272727273
Ethiopia,Alcohol,30.84132052,14.81458415
Ethiopia,Dairy,116.0560474,68.98902439
Ethiopia,Fats & Oils,3.392961765,29.75600223
Ethiopia,Fruits,21.00774776,9.98874137
Ethiopia,Grains (Starchy staples),614.3005017,1638.702527
Ethiopia,"Legumes, Nuts & Seeds",66.00689655,230.0758621
Ethiopia,Meats,27.11556879,47.00347826
Ethiopia,Miscellaneous,,
Ethiopia,Spices,13.23326922,27.84947469
Ethiopia,Sugars,15.64055219,54.81208132
Ethiopia,Vegetables,50.89267503,18.10593428
Fiji,Alcohol,77.5642456,42.75971223
Fiji,Dairy,71.59052949,44.65191147
Fiji,Fats & Oils,12.52161537,103.4285714
Fiji,Fruits,57.08348955,16.2
Fiji,Grains (Starchy staples),382.33206,751.371312
Fiji,"Legumes, Nuts & Seeds",197.4336275,294.0375681
Fiji,Meats,219.055965,294.6746479
Fiji,Miscellaneous,,
Fiji,Spices,5.077344573,11.54615385
Fiji,Sugars,112.6472999,349.2690237
Fiji,Vegetables,56.03502815,18.56932515
Finland,Alcohol,235.2537955,144.2702359
Finland,Dairy,1138.390889,530.3502903
Finland,Fats & Oils,35.46188454,287.8888684
Finland,Fruits,28.59592101,9.868824862
Finland,Grains (Starchy staples),553.82494,1180.60393
Finland,"Legumes, Nuts & Seeds",5.672437728,18.6585086
Finland,Meats,286.2305077,547.08
Finland,Miscellaneous,,
Finland,Spices,0,0
Finland,Sugars,71.2765924,248.5642522
Finland,Vegetables,106.8939889,27.44969199
France,Alcohol,242.5532407,160.0670133
France,Dairy,917.6031155,498.7763023
France,Fats & Oils,74.82033643,613.8023437
France,Fruits,216.491624,64.62407602
France,Grains (Starchy staples),879.101535,1863.385047
France,"Legumes, Nuts & Seeds",24.72626482,66.68581709
France,Meats,324.9168084,507.933648
France,Miscellaneous,,
France,Spices,0,0
France,Sugars,110.8099736,382.8257051
France,Vegetables,178.6837535,51.62715855
French Polynesia,Alcohol,143.6447644,75.6779661
French Polynesia,Dairy,9.623091975,6.25
French Polynesia,Fats & Oils,73.75342466,624
French Polynesia,Fruits,142.1001168,40.72868217
French Polynesia,Grains (Starchy staples),64.78813274,146.031016
French Polynesia,"Legumes, Nuts & Seeds",112.0698355,165.4299776
French Polynesia,Meats,144.888189,193.9590551
French Polynesia,Miscellaneous,,
French Polynesia,Spices,0,0
French Polynesia,Sugars,21.01763457,49.57746479
French Polynesia,Vegetables,48.99238967,16.39444444
Gabon,Alcohol,197.3104889,104.3768328
Gabon,Dairy,3.774374292,2.563909774
Gabon,Fats & Oils,2.847500218,24.80764331
Gabon,Fruits,60.69763243,22.91560694
Gabon,Grains (Starchy staples),909.7932094,1391.579632
Gabon,"Legumes, Nuts & Seeds",22.00568819,116.56
Gabon,Meats,114.9269686,127.3280088
Gabon,Miscellaneous,,
Gabon,Spices,0.343835616,1.325
Gabon,Sugars,53.40091066,156.7102329
Gabon,Vegetables,74.45248738,20.23421053
Gambia,Alcohol,88.18630137,28
Gambia,Dairy,14.95552347,10.29562982
Gambia,Fats & Oils,10.75122131,94.3865643
Gambia,Fruits,13.87365028,3.968627451
Gambia,Grains (Starchy staples),300.2836496,933.7895312
Gambia,"Legumes, Nuts & Seeds",27.40549529,136.5780347
Gambia,Meats,84.64726027,76.125
Gambia,Miscellaneous,,
Gambia,Spices,0,0
Gambia,Sugars,0,0
Gambia,Vegetables,17.52724276,4.273684211
Georgia,Alcohol,104.6242294,77.62045455
Georgia,Dairy,353.1056157,219.7406673
Georgia,Fats & Oils,6.930703196,58.1504
Georgia,Fruits,150.3499204,53.27751938
Georgia,Grains (Starchy staples),294.8946001,691.0961681
Georgia,"Legumes, Nuts & Seeds",7.321351882,23.06254826
Georgia,Meats,71.30641782,96.46907021
Georgia,Miscellaneous,,
Georgia,Spices,4.738388524,14.2488189
Georgia,Sugars,2.883626876,10.41693122
Georgia,Vegetables,82.97176405,22.60408163
Germany,Alcohol,343.1797951,237.1573742
Germany,Dairy,915.4890779,463.0442516
Germany,Fats & Oils,68.39255528,555.100304
Germany,Fruits,70.96314259,29.50404038
Germany,Grains (Starchy staples),566.3721617,1156.475659
Germany,"Legumes, Nuts & Seeds",12.64795953,38.00806936
Germany,Meats,317.4254351,455.378955
Germany,Miscellaneous,,
Germany,Spices,0,0
Germany,Sugars,132.9630212,471.3505667
Germany,Vegetables,102.2751107,28.3778542
Ghana,Alcohol,51.36735543,19.86090604
Ghana,Dairy,4.30452176,2.375221239
Ghana,Fats & Oils,16.7304575,145.0223547
Ghana,Fruits,165.7499921,43.48913713
Ghana,Grains (Starchy staples),1665.141174,2170.810228
Ghana,"Legumes, Nuts & Seeds",69.39821498,236.1883844
Ghana,Meats,69.27340105,66.52687163
Ghana,Miscellaneous,,
Ghana,Spices,57.08885402,115.1867519
Ghana,Sugars,15.51736294,39.21218962
Ghana,Vegetables,35.11794381,11.88743328
Greece,Alcohol,154.3498967,104.2540168
Greece,Dairy,453.3246264,252.2966929
Greece,Fats & Oils,66.07928756,577.4313128
Greece,Fruits,832.3917314,277.0929694
Greece,Grains (Starchy staples),460.274688,875.6506537
Greece,"Legumes, Nuts & Seeds",81.76247293,153.9720829
Greece,Meats,145.8275837,185.3215574
Greece,Miscellaneous,,
Greece,Spices,0.382293156,0.631499051
Greece,Sugars,59.82274124,206.6538781
Greece,Vegetables,409.2652293,100.2232609
Grenada,Alcohol,79.29193302,84.62222222
Grenada,Dairy,24.55654042,17.35294118
Grenada,Fats & Oils,0,0
Grenada,Fruits,313.9356322,134.9241379
Grenada,Grains (Starchy staples),30.23974381,70.52467532
Grenada,"Legumes, Nuts & Seeds",68.69589041,140.4
Grenada,Meats,94.02009132,127.0666667
Grenada,Miscellaneous,,
Grenada,Spices,27.05936073,92.33333333
Grenada,Sugars,65.76428909,224.2413793
Grenada,Vegetables,87.39068492,26.08
Guatemala,Alcohol,37.86002688,27.00693756
Guatemala,Dairy,89.47523897,53.64242924
Guatemala,Fats & Oils,30.51414223,263.234759
Guatemala,Fruits,375.0107587,130.0389473
Guatemala,Grains (Starchy staples),265.3992556,777.598147
Guatemala,"Legumes, Nuts & Seeds",54.66497649,187.2238806
Guatemala,Meats,106.8387747,135.8292961
Guatemala,Miscellaneous,,
Guatemala,Spices,56.76208811,58.26254826
Guatemala,Sugars,147.7219863,523.3293743
Guatemala,Vegetables,223.5332234,64.0634262
Guinea,Alcohol,4.332065434,1.858252427
Guinea,Dairy,38.35879249,24.6612963
Guinea,Fats & Oils,31.10065998,274.8234818
Guinea,Fruits,160.1303103,62.22729529
Guinea,Grains (Starchy staples),737.0827306,1558.090473
Guinea,"Legumes, Nuts & Seeds",30.08418675,118.2003256
Guinea,Meats,61.4372658,70.91171451
Guinea,Miscellaneous,,
Guinea,Spices,9.106157175,8.667368421
Guinea,Sugars,24.88904174,88.0051716
Guinea,Vegetables,124.0250925,85.08680412
Guinea-Bissau,Alcohol,43.04683354,22.20837696
Guinea-Bissau,Dairy,38.10673973,25.74
Guinea-Bissau,Fats & Oils,32.48941714,285.2098039
Guinea-Bissau,Fruits,75.175,30.41875
Guinea-Bissau,Grains (Starchy staples),514.4506094,1266.123427
Guinea-Bissau,"Legumes, Nuts & Seeds",60.39613413,228.191411
Guinea-Bissau,Meats,60.43863717,130.1025641
Guinea-Bissau,Miscellaneous,,
Guinea-Bissau,Spices,0,0
Guinea-Bissau,Sugars,7.622579121,26.43103448
Guinea-Bissau,Vegetables,47.30280496,10.92063492
Guyana,Alcohol,64.0230331,46.46902655
Guyana,Dairy,149.6223077,79.31383399
Guyana,Fats & Oils,1.901486447,16.65106383
Guyana,Fruits,125.4598414,38.31961722
Guyana,Grains (Starchy staples),662.0060535,1761.534541
Guyana,"Legumes, Nuts & Seeds",107.0968814,212.9154255
Guyana,Meats,257.6132435,312.181759
Guyana,Miscellaneous,,
Guyana,Spices,6.699543379,16.97777778
Guyana,Sugars,121.3166935,402.6869355
Guyana,Vegetables,153.0599501,59.81789137
Haiti,Alcohol,24.44588159,70.49356223
Haiti,Dairy,24.41941557,21.49598309
Haiti,Fats & Oils,1.043120479,9.103694875
Haiti,Fruits,149.0640209,65.71518987
Haiti,Grains (Starchy staples),453.5733773,906.381028
Haiti,"Legumes, Nuts & Seeds",59.229901,197.8992701
Haiti,Meats,36.95669624,56.0730832
Haiti,Miscellaneous,,
Haiti,Spices,9.095974711,4.998461538
Haiti,Sugars,50.28258926,164.928627
Haiti,Vegetables,37.89942754,12.19252548
Honduras,Alcohol,38.4465013,29.37297297
Honduras,Dairy,242.7984013,139.1863913
Honduras,Fats & Oils,53.5546875,457.1054688
Honduras,Fruits,395.8137752,147.1823795
Honduras,Grains (Starchy staples),200.5933874,593.6841598
Honduras,"Legumes, Nuts & Seeds",30.81054999,96.50746269
Honduras,Meats,101.9432068,149.0693091
Honduras,Miscellaneous,,
Honduras,Spices,86.65489356,100.4096386
Honduras,Sugars,129.2464672,445.4617152
Honduras,Vegetables,174.6511499,38.70576806
Hungary,Alcohol,267.6902877,187.8186495
Hungary,Dairy,445.615569,249.8435264
Hungary,Fats & Oils,113.4825275,889.502451
Hungary,Fruits,251.2309515,102.751952
Hungary,Grains (Starchy staples),761.2600744,1573.180007
Hungary,"Legumes, Nuts & Seeds",22.7802971,78.59202502
Hungary,Meats,279.3033532,442.0590671
Hungary,Miscellaneous,,
Hungary,Spices,7.169328433,16.17073171
Hungary,Sugars,114.4519958,412.8458809
Hungary,Vegetables,285.2608561,84.36141659
Iceland,Alcohol,152.5374628,86.64782609
Iceland,Dairy,727.8971619,636.1702838
Iceland,Fats & Oils,163.4115776,1328.451613
Iceland,Fruits,15.55127465,5.496860987
Iceland,Grains (Starchy staples),29.0142744,60.55691769
Iceland,"Legumes, Nuts & Seeds",0,0
Iceland,Meats,7742.40902,10911.58267
Iceland,Miscellaneous,,
Iceland,Spices,0,0
Iceland,Sugars,45.91304348,152.1391304
Iceland,Vegetables,99.45007967,30.35232558
India,Alcohol,4.969964506,11.93179327
India,Dairy,227.0000988,127.0671749
India,Fats & Oils,19.76438404,172.5567242
India,Fruits,175.0758526,71.97471027
India,Grains (Starchy staples),524.583545,1522.812737
India,"Legumes, Nuts & Seeds",59.30363851,171.4444226
India,Meats,37.96430493,40.57018272
India,Miscellaneous,,
India,Spices,11.39225873,28.50462331
India,Sugars,87.57635918,227.9815504
India,Vegetables,193.0300907,51.05060322
Indonesia,Alcohol,2.971768909,2.054347826
Indonesia,Dairy,14.49889257,6.971529385
Indonesia,Fats & Oils,80.39507093,704.9519507
Indonesia,Fruits,178.7600032,80.39296665
Indonesia,Grains (Starchy staples),627.1214601,1713.467076
Indonesia,"Legumes, Nuts & Seeds",66.5256639,126.2261097
Indonesia,Meats,132.2641971,152.8612331
Indonesia,Miscellaneous,,
Indonesia,Spices,19.96237497,32.11338583
Indonesia,Sugars,39.29577286,138.7725228
Indonesia,Vegetables,98.26556516,33.66515289
Iran (Islamic Republic of),Alcohol,0.03196347,0
Iran (Islamic Republic of),Dairy,150.8688742,77.51214128
Iran (Islamic Republic of),Fats & Oils,10.78450414,91.04327255
Iran (Islamic Republic of),Fruits,558.1657008,245.3942984
Iran (Islamic Republic of),Grains (Starchy staples),447.9974569,1142.005188
Iran (Islamic Republic of),"Legumes, Nuts & Seeds",49.17634731,154.5630934
Iran (Islamic Republic of),Meats,136.1285793,176.3941912
Iran (Islamic Republic of),Miscellaneous,,
Iran (Islamic Republic of),Spices,7.705576844,7.628172757
Iran (Islamic Republic of),Sugars,72.97442903,251.2521709
Iran (Islamic Republic of),Vegetables,505.8179527,114.9439978
Iraq,Alcohol,0,0
Iraq,Dairy,27.904481,15.62838915
Iraq,Fats & Oils,1.44177109,12.53517883
Iraq,Fruits,149.682488,61.86726727
Iraq,Grains (Starchy staples),259.5447813,789.1754839
Iraq,"Legumes, Nuts & Seeds",5.160023153,16.28689057
Iraq,Meats,25.18247343,34.74271165
Iraq,Miscellaneous,,
Iraq,Spices,0,0
Iraq,Sugars,1.854949371,6.361952026
Iraq,Vegetables,210.4175239,50.80421195
Ireland,Alcohol,589.3543663,377.5348972
Ireland,Dairy,1788.978801,901.5969057
Ireland,Fats & Oils,54.9260274,448.525
Ireland,Fruits,33.23501721,9.228328328
Ireland,Grains (Starchy staples),396.8443481,790.1234183
Ireland,"Legumes, Nuts & Seeds",10.14603931,32.23734015
Ireland,Meats,695.3408099,997.2827275
Ireland,Miscellaneous,,
Ireland,Spices,0,0
Ireland,Sugars,3.333695086,10.70299111
Ireland,Vegetables,120.8887375,42.08618392
Israel,Alcohol,42.36159553,30.98564232
Israel,Dairy,487.4151396,250.8782004
Israel,Fats & Oils,32.19140197,281.1018923
Israel,Fruits,604.7161129,265.3272754
Israel,Grains (Starchy staples),111.0167777,265.7984458
Israel,"Legumes, Nuts & Seeds",14.17547877,52.75621891
Israel,Meats,291.6402045,389.2084776
Israel,Miscellaneous,,
Israel,Spices,0,0
Israel,Sugars,1.262176733,4.299591466
Israel,Vegetables,413.1485189,124.9546325
Italy,Alcohol,226.1497014,141.0013271
Italy,Dairy,480.6576811,202.7176171
Italy,Fats & Oils,45.45057917,366.5296205
Italy,Fruits,664.1126365,261.3905159
Italy,Grains (Starchy staples),376.8768427,842.9812771
Italy,"Legumes, Nuts & Seeds",30.46538906,73.74875688
Italy,Meats,240.6572644,334.3920991
Italy,Miscellaneous,,
Italy,Spices,0.189381384,0.115642221
Italy,Sugars,62.92887952,218.8805727
Italy,Vegetables,303.0722194,77.10703761
Jamaica,Alcohol,122.5821707,110.5210256
Jamaica,Dairy,190.4373583,123.1948882
Jamaica,Fats & Oils,10.4419439,90.23809524
Jamaica,Fruits,291.5232579,103.0450755
Jamaica,Grains (Starchy staples),185.037175,398.9508223
Jamaica,"Legumes, Nuts & Seeds",47.43474229,97.46303502
Jamaica,Meats,141.5581528,162.8148485
Jamaica,Miscellaneous,,
Jamaica,Spices,25.28723978,57.52913386
Jamaica,Sugars,136.7586446,475.4935208
Jamaica,Vegetables,202.9066497,49.50993377
Japan,Alcohol,108.5180616,115.0179828
Japan,Dairy,157.268492,90.13772706
Japan,Fats & Oils,29.56961463,252.8300804
Japan,Fruits,72.30009142,24.0250533
Japan,Grains (Starchy staples),117.7616684,338.0319329
Japan,"Legumes, Nuts & Seeds",1.727053632,6.919123727
Japan,Meats,198.2867802,239.708667
Japan,Miscellaneous,,
Japan,Spices,3.006638245,5.057529463
Japan,Sugars,60.23873374,207.3124056
Japan,Vegetables,211.8947146,56.82251381
Jordan,Alcohol,6.806613132,3.813793103
Jordan,Dairy,119.5522269,75.83950702
Jordan,Fats & Oils,10.4745376,91.33333333
Jordan,Fruits,344.2685339,127.1136714
Jordan,Grains (Starchy staples),48.90247316,135.2948207
Jordan,"Legumes, Nuts & Seeds",31.85183026,90.68636722
Jordan,Meats,106.750965,146.1601966
Jordan,Miscellaneous,,
Jordan,Spices,0,0
Jordan,Sugars,0,0
Jordan,Vegetables,320.804814,78.69389671
Kazakhstan,Alcohol,89.43363177,74.82408242
Kazakhstan,Dairy,699.4729715,424.6570226
Kazakhstan,Fats & Oils,43.39981936,375.5318681
Kazakhstan,Fruits,143.4137632,50.18445276
Kazakhstan,Grains (Starchy staples),998.3208169,1792.399685
Kazakhstan,"Legumes, Nuts & Seeds",15.11668765,43.427601
Kazakhstan,Meats,190.8357995,321.7563326
Kazakhstan,Miscellaneous,,
Kazakhstan,Spices,0,0
Kazakhstan,Sugars,21.40266717,76.89036743
Kazakhstan,Vegetables,383.5852513,91.28946584
Kenya,Alcohol,48.79841234,24.8472183
Kenya,Dairy,270.2792132,171.7552345
Kenya,Fats & Oils,2.86206183,24.69710833
Kenya,Fruits,195.0388002,96.34344828
Kenya,Grains (Starchy staples),479.0964132,1021.963293
Kenya,"Legumes, Nuts & Seeds",47.15753585,157.7843275
Kenya,Meats,64.79635618,99.90386696
Kenya,Miscellaneous,,
Kenya,Spices,27.3472689,16.23929471
Kenya,Sugars,118.1610336,178.8036593
Kenya,Vegetables,106.1558303,25.49813129
Kiribati,Alcohol,0,0
Kiribati,Dairy,0,0
Kiribati,Fats & Oils,41.30547944,354.35
Kiribati,Fruits,200.0740394,107.4878049
Kiribati,Grains (Starchy staples),278.5135414,568.904918
Kiribati,"Legumes, Nuts & Seeds",370.6946712,688.7503234
Kiribati,Meats,682.8300274,737.296
Kiribati,Miscellaneous,,
Kiribati,Spices,,
Kiribati,Sugars,0,0
Kiribati,Vegetables,148.7720548,35.084
Kuwait,Alcohol,0,0
Kuwait,Dairy,50.9656059,27.12153846
Kuwait,Fats & Oils,3.058111031,26.53684211
Kuwait,Fruits,85.44797633,35.78863636
Kuwait,Grains (Starchy staples),31.10743715,83.53687878
Kuwait,"Legumes, Nuts & Seeds",0,0
Kuwait,Meats,124.8367376,169.3309127
Kuwait,Miscellaneous,,
Kuwait,Spices,0.510861057,1.217857143
Kuwait,Sugars,0,0
Kuwait,Vegetables,183.8962771,44.86701872
Kyrgyzstan,Alcohol,18.8254203,22.91477273
Kyrgyzstan,Dairy,572.6098185,372.2376435
Kyrgyzstan,Fats & Oils,7.294636163,62.40920716
Kyrgyzstan,Fruits,193.7256161,60.30831099
Kyrgyzstan,Grains (Starchy staples),623.5956557,1275.500594
Kyrgyzstan,"Legumes, Nuts & Seeds",21.24053583,69.53425414
Kyrgyzstan,Meats,89.92059439,162.2353511
Kyrgyzstan,Miscellaneous,,
Kyrgyzstan,Spices,0.513286021,2.120481928
Kyrgyzstan,Sugars,39.3499521,130.5026676
Kyrgyzstan,Vegetables,368.8325732,109.3230769
Lao People's Democratic Republic,Alcohol,34.72524974,49.47379913
Lao People's Democratic Republic,Dairy,2.464023071,1.957894737
Lao People's Democratic Republic,Fats & Oils,7.671232875,64.4
Lao People's Democratic Republic,Fruits,190.1961203,94.18495066
Lao People's Democratic Republic,Grains (Starchy staples),623.1251171,1732.067934
Lao People's Democratic Republic,"Legumes, Nuts & Seeds",22.51560019,100.1212938
Lao People's Democratic Republic,Meats,111.5176685,175.1395973
Lao People's Democratic Republic,Miscellaneous,,
Lao People's Democratic Republic,Spices,34.54184835,40.68507042
Lao People's Democratic Republic,Sugars,82.27317255,71.4856154
Lao People's Democratic Republic,Vegetables,453.7479452,97.6
Latvia,Alcohol,265.7584163,205.9730849
Latvia,Dairy,860.5848437,537.4231111
Latvia,Fats & Oils,29.38477034,238.7205882
Latvia,Fruits,26.15030608,10.02328967
Latvia,Grains (Starchy staples),1009.458084,1727.350496
Latvia,"Legumes, Nuts & Seeds",23.26910556,60.32313725
Latvia,Meats,348.6532905,480.1511489
Latvia,Miscellaneous,,
Latvia,Spices,0,0
Latvia,Sugars,2.187216365,6.967370441
Latvia,Vegetables,184.537888,46.94846293
Lebanon,Alcohol,27.73674623,26.60412371
Lebanon,Dairy,127.342425,68.6051441
Lebanon,Fats & Oils,13.41592592,116.6597938
Lebanon,Fruits,551.5659891,200.3212366
Lebanon,Grains (Starchy staples),172.4572956,405.9409322
Lebanon,"Legumes, Nuts & Seeds",51.30283119,146.637759
Lebanon,Meats,113.4009752,164.3585398
Lebanon,Miscellaneous,,
Lebanon,Spices,0.488957713,0.622608696
Lebanon,Sugars,1.530680015,4.793800979
Lebanon,Vegetables,332.3447598,88.260268
Lesotho,Alcohol,64.37979714,33.20458015
Lesotho,Dairy,48.47693054,29.77168142
Lesotho,Fats & Oils,2.283105023,19.73333333
Lesotho,Fruits,20.70799564,7.930543933
Lesotho,Grains (Starchy staples),263.5359865,697.1374408
Lesotho,"Legumes, Nuts & Seeds",8.017784187,27.07894737
Lesotho,Meats,46.25237091,74.03846154
Lesotho,Miscellaneous,,
Lesotho,Spices,0,0
Lesotho,Sugars,0,0
Lesotho,Vegetables,35.62426614,7.611428571
Liberia,Alcohol,20.20337197,31.00549451
Liberia,Dairy,0.664263398,0.456140351
Liberia,Fats & Oils,32.15624702,283.2273782
Liberia,Fruits,92.24135009,50.92268041
Liberia,Grains (Starchy staples),507.2861892,1074.733251
Liberia,"Legumes, Nuts & Seeds",11.52514361,34.21935484
Liberia,Meats,31.94693583,44.55652174
Liberia,Miscellaneous,,
Liberia,Spices,6.322444673,13.07692308
Liberia,Sugars,41.49781725,65.6456044
Liberia,Vegetables,62.15680727,17.88303249
Lithuania,Alcohol,298.6407416,227.545921
Lithuania,Dairy,1214.550434,485.6745098
Lithuania,Fats & Oils,18.24577994,149.3032258
Lithuania,Fruits,58.37780919,19.70711744
Lithuania,Grains (Starchy staples),1077.986477,2102.732612
Lithuania,"Legumes, Nuts & Seeds",35.90776489,123.0251928
Lithuania,Meats,336.8265503,497.1719898
Lithuania,Miscellaneous,,
Lithuania,Spices,1.782683868,1.669902913
Lithuania,Sugars,128.6128048,398.2939075
Lithuania,Vegetables,208.6628124,56.98735701
Luxembourg,Alcohol,218.2146586,165.979562
Luxembourg,Dairy,1279.302312,709.0379437
Luxembourg,Fats & Oils,9.354289834,78.61052632
Luxembourg,Fruits,77.58839797,20.48513302
Luxembourg,Grains (Starchy staples),407.4070224,841.6414035
Luxembourg,"Legumes, Nuts & Seeds",33.18575342,91.84
Luxembourg,Meats,128.1300283,217.9280423
Luxembourg,Miscellaneous,,
Luxembourg,Spices,0,0
Luxembourg,Sugars,0,0
Luxembourg,Vegetables,6.139421613,2.011111111
Madagascar,Alcohol,16.64864865,10.9009009
Madagascar,Dairy,67.72822141,42.60230743
Madagascar,Fats & Oils,1.942926331,16.93760832
Madagascar,Fruits,135.115363,63.09009949
Madagascar,Grains (Starchy staples),732.5223842,1537.054999
Madagascar,"Legumes, Nuts & Seeds",18.70020402,53.07287234
Madagascar,Meats,61.32054794,99.2
Madagascar,Miscellaneous,,
Madagascar,Spices,11.26253199,10.36813187
Madagascar,Sugars,34.2265667,74.34735239
Madagascar,Vegetables,42.52323748,9.963685345
Malawi,Alcohol,48.76164384,20.6
Malawi,Dairy,10.54101493,6.345153664
Malawi,Fats & Oils,7.230039636,61.91269036
Malawi,Fruits,122.75088,60.82986845
Malawi,Grains (Starchy staples),1029.291347,1750.752593
Malawi,"Legumes, Nuts & Seeds",71.75361931,271.9226002
Malawi,Meats,48.4122086,80.95438596
Malawi,Miscellaneous,,
Malawi,Spices,10.51163223,12.69152542
Malawi,Sugars,29.89927948,106.5778518
Malawi,Vegetables,52.98875155,12.03665241
Malaysia,Alcohol,23.52992015,9.762274882
Malaysia,Dairy,6.427903729,5.546747813
Malaysia,Fats & Oils,162.2670055,1411.033497
Malaysia,Fruits,95.09541951,39.98828125
Malaysia,Grains (Starchy staples),89.00898355,259.3178336
Malaysia,"Legumes, Nuts & Seeds",16.34049609,39.09190254
Malaysia,Meats,337.4558942,407.9342629
Malaysia,Miscellaneous,,
Malaysia,Spices,10.70354663,27.94246575
Malaysia,Sugars,22.73684881,77.68722033
Malaysia,Vegetables,110.1445719,33.42633833
Maldives,Alcohol,0,0
Maldives,Dairy,0,0
Maldives,Fats & Oils,0,0
Maldives,Fruits,42.06843583,12.60753138
Maldives,Grains (Starchy staples),13.40797331,35.62820513
Maldives,"Legumes, Nuts & Seeds",38.07123288,83.31428571
Maldives,Meats,860.9256825,752.8363636
Maldives,Miscellaneous,,
Maldives,Spices,0,0
Maldives,Sugars,0,0
Maldives,Vegetables,19.52278954,6.283636364
Mali,Alcohol,17.4911477,5.81092437
Mali,Dairy,274.9138484,211.8802027
Mali,Fats & Oils,14.63421286,121.6800895
Mali,Fruits,86.20190468,37.28553871
Mali,Grains (Starchy staples),656.9129973,1884.144779
Mali,"Legumes, Nuts & Seeds",43.87373974,160.0596173
Mali,Meats,94.11975171,122.7872992
Mali,Miscellaneous,,
Mali,Spices,0.767123287,1.013333333
Mali,Sugars,23.53635343,83.71905653
Mali,Vegetables,154.413953,30.8773678
Malta,Alcohol,79.15192847,56.19574468
Malta,Dairy,214.1433377,130.3214145
Malta,Fats & Oils,9.807158639,78.16774194
Malta,Fruits,123.369863,42.7316129
Malta,Grains (Starchy staples),90.25735767,186.0833512
Malta,"Legumes, Nuts & Seeds",8.976621005,25.48
Malta,Meats,125.0514184,154.3909348
Malta,Miscellaneous,,
Malta,Spices,0,0
Malta,Sugars,0,0
Malta,Vegetables,374.2072105,95.34626866
Mauritania,Alcohol,,
Mauritania,Dairy,278.0403148,200.2242003
Mauritania,Fats & Oils,4.180995318,36.74873418
Mauritania,Fruits,16.60108691,14.0052459
Mauritania,Grains (Starchy staples),148.969494,448.0806988
Mauritania,"Legumes, Nuts & Seeds",36.67212192,128.9324503
Mauritania,Meats,200.4269579,260.6128634
Mauritania,Miscellaneous,,
Mauritania,Spices,0,0
Mauritania,Sugars,0,0
Mauritania,Vegetables,3.370090272,0.940092166
Mauritius,Alcohol,92.36868117,52.45490196
Mauritius,Dairy,10.59084189,5.039386189
Mauritius,Fats & Oils,1.040519106,9.129186603
Mauritius,Fruits,84.38159045,28.37173448
Mauritius,Grains (Starchy staples),34.13159726,96.83229228
Mauritius,"Legumes, Nuts & Seeds",4.968297456,16.14081633
Mauritius,Meats,136.2958516,165.3706195
Mauritius,Miscellaneous,,
Mauritius,Spices,6.628424658,18.2875
Mauritius,Sugars,98.97846701,352.8809232
Mauritius,Vegetables,120.5149053,35.28287841
Mexico,Alcohol,196.009362,73.94668438
Mexico,Dairy,234.0121779,125.3004754
Mexico,Fats & Oils,19.49501943,165.2621768
Mexico,Fruits,388.7453109,133.1245215
Mexico,Grains (Starchy staples),327.7272093,913.189382
Mexico,"Legumes, Nuts & Seeds",15.08547276,53.71900057
Mexico,Meats,229.2300686,349.6959742
Mexico,Miscellaneous,,
Mexico,Spices,9.562524386,19.20670221
Mexico,Sugars,135.3866348,462.8992074
Mexico,Vegetables,198.8132304,56.93521474
Mongolia,Alcohol,65.90528375,52.61176471
Mongolia,Dairy,360.4546783,228.2520295
Mongolia,Fats & Oils,10.6478035,92.32758621
Mongolia,Fruits,1.185464231,0.297222222
Mongolia,Grains (Starchy staples),384.3325962,876.3316545
Mongolia,"Legumes, Nuts & Seeds",11.01060766,31.6
Mongolia,Meats,252.5804362,495.6766917
Mongolia,Miscellaneous,,
Mongolia,Spices,0,0
Mongolia,Sugars,0,0
Mongolia,Vegetables,77.08390796,20.48679775
Montenegro,Alcohol,92.84008118,77.34074074
Montenegro,Dairy,642.0261568,343.5472313
Montenegro,Fats & Oils,1.001956947,8.450793651
Montenegro,Fruits,330.6447466,115.4849315
Montenegro,Grains (Starchy staples),361.6106692,646.5285085
Montenegro,"Legumes, Nuts & Seeds",24.95840597,77.81818182
Montenegro,Meats,79.05136323,149.4576052
Montenegro,Miscellaneous,,
Montenegro,Spices,0,0
Montenegro,Sugars,5.107982995,12.60804598
Montenegro,Vegetables,469.2626778,106.8218612
Morocco,Alcohol,9.434892282,5.571806167
Morocco,Dairy,138.780387,65.87647059
Morocco,Fats & Oils,14.6009304,125.3782813
Morocco,Fruits,367.1956649,160.7066798
Morocco,Grains (Starchy staples),552.3455593,1367.80007
Morocco,"Legumes, Nuts & Seeds",28.13515218,88.29738658
Morocco,Meats,208.3964523,257.2352542
Morocco,Miscellaneous,,
Morocco,Spices,4.790718619,7.854956085
Morocco,Sugars,85.69399052,302.8876775
Morocco,Vegetables,333.795103,90.45124109
Mozambique,Alcohol,17.09489762,10.02926829
Mozambique,Dairy,8.273849664,4.701282051
Mozambique,Fats & Oils,12.5961805,110.2305882
Mozambique,Fruits,92.06012475,37.70204267
Mozambique,Grains (Starchy staples),966.0957501,1585.076869
Mozambique,"Legumes, Nuts & Seeds",51.43346315,162.6672071
Mozambique,Meats,44.68633493,74.32962138
Mozambique,Miscellaneous,,
Mozambique,Spices,3.025534247,1.813333333
Mozambique,Sugars,33.08067226,111.0857143
Mozambique,Vegetables,27.36868294,7.484224966
Myanmar,Alcohol,0.68587624,0.579310345
Myanmar,Dairy,79.0856807,45.62116797
Myanmar,Fats & Oils,18.19838594,156.4423621
Myanmar,Fruits,66.51047619,30.69714286
Myanmar,Grains (Starchy staples),495.2843472,1402.331229
Myanmar,"Legumes, Nuts & Seeds",98.08909747,305.4289053
Myanmar,Meats,291.9147955,366.3161624
Myanmar,Miscellaneous,,
Myanmar,Spices,8.973999513,17.31618335
Myanmar,Sugars,51.4548032,164.8820554
Myanmar,Vegetables,224.5331233,66.83043998
Namibia,Alcohol,294.0590505,150.3075472
Namibia,Dairy,132.2480524,74.09888199
Namibia,Fats & Oils,6.780512926,57.53233083
Namibia,Fruits,55.02776069,17.81088435
Namibia,Grains (Starchy staples),436.8870973,771.138964
Namibia,"Legumes, Nuts & Seeds",19.24542508,62.98931298
Namibia,Meats,555.5005718,743.9129663
Namibia,Miscellaneous,,
Namibia,Spices,0,0
Namibia,Sugars,0,0
Namibia,Vegetables,62.77394787,19.01371841
Nepal,Alcohol,5.02711384,4.03908046
Nepal,Dairy,133.9008796,101.4763064
Nepal,Fats & Oils,15.00046342,131.1603191
Nepal,Fruits,148.5989204,65.08159393
Nepal,Grains (Starchy staples),714.5745583,1726.942968
Nepal,"Legumes, Nuts & Seeds",28.15934164,85.26624144
Nepal,Meats,45.17274117,54.66189474
Nepal,Miscellaneous,,
Nepal,Spices,15.12699525,47.32588513
Nepal,Sugars,113.9355112,72.95870457
Nepal,Vegetables,290.7141595,70.10221112
Netherlands,Alcohol,425.8725812,263.3012647
Netherlands,Dairy,1718.930338,836.2901523
Netherlands,Fats & Oils,50.57534811,423.7434258
Netherlands,Fruits,232.874671,85.44683358
Netherlands,Grains (Starchy staples),299.414293,520.5688085
Netherlands,"Legumes, Nuts & Seeds",0.150516502,0.400830143
Netherlands,Meats,552.8525266,833.7291632
Netherlands,Miscellaneous,,
Netherlands,Spices,0,0
Netherlands,Sugars,133.9344151,470.3981785
Netherlands,Vegetables,549.9358662,205.9333233
Netherlands Antilles (former),Alcohol,72.16197793,64.65040648
Netherlands Antilles (former),Dairy,0,0
Netherlands Antilles (former),Fats & Oils,0,0
Netherlands Antilles (former),Fruits,0,0
Netherlands Antilles (former),Grains (Starchy staples),0,0
Netherlands Antilles (former),"Legumes, Nuts & Seeds",,
Netherlands Antilles (former),Meats,91.52054792,225
Netherlands Antilles (former),Miscellaneous,,
Netherlands Antilles (former),Spices,0,0
Netherlands Antilles (former),Sugars,0,0
Netherlands Antilles (former),Vegetables,0,0
New Caledonia,Alcohol,112.9184144,74.1380531
New Caledonia,Dairy,0,0
New Caledonia,Fats & Oils,0,0
New Caledonia,Fruits,39.55141553,11.70666667
New Caledonia,Grains (Starchy staples),93.08895067,209.2635697
New Caledonia,"Legumes, Nuts & Seeds",85.35085616,130.5875
New Caledonia,Meats,102.5930251,149.1310044
New Caledonia,Miscellaneous,,
New Caledonia,Spices,0,0
New Caledonia,Sugars,0,0
New Caledonia,Vegetables,80.4023269,28.60273973
New Zealand,Alcohol,273.2612835,135.6244391
New Zealand,Dairy,1911.919152,890.0399314
New Zealand,Fats & Oils,163.5400567,1348.159361
New Zealand,Fruits,500.3386493,216.7737118
New Zealand,Grains (Starchy staples),340.8218626,708.4169426
New Zealand,"Legumes, Nuts & Seeds",16.68373599,49.34545455
New Zealand,Meats,998.9300161,1352.307606
New Zealand,Miscellaneous,,
New Zealand,Spices,0,0
New Zealand,Sugars,19.75073556,69.29327421
New Zealand,Vegetables,474.8711478,138.696077
Nicaragua,Alcohol,40.93291881,31.62789598
Nicaragua,Dairy,348.1146269,208.36958
Nicaragua,Fats & Oils,11.05234957,95.81582278
Nicaragua,Fruits,96.94494427,24.04688172
Nicaragua,Grains (Starchy staples),359.9855436,1069.290145
Nicaragua,"Legumes, Nuts & Seeds",96.80278888,338.0730832
Nicaragua,Meats,143.8894871,199.5232287
Nicaragua,Miscellaneous,,
Nicaragua,Spices,40.37346792,120.7894737
Nicaragua,Sugars,118.2930161,406.7770285
Nicaragua,Vegetables,16.98307816,5.694117647
Niger,Alcohol,1.053635405,1.142307692
Niger,Dairy,153.5507229,82.32517338
Niger,Fats & Oils,8.826293036,75.37642586
Niger,Fruits,94.88816031,50.81173979
Niger,Grains (Starchy staples),547.0970391,1413.074623
Niger,"Legumes, Nuts & Seeds",128.1632531,493.1073944
Niger,Meats,63.74221363,90.75705521
Niger,Miscellaneous,,
Niger,Spices,1.373539102,2.283544304
Niger,Sugars,11.10980328,40.10685121
Niger,Vegetables,136.4651611,40.44954128
Nigeria,Alcohol,177.3846123,75.95994184
Nigeria,Dairy,8.094725241,4.671264368
Nigeria,Fats & Oils,25.13386427,218.2793648
Nigeria,Fruits,140.4375305,40.49343471
Nigeria,Grains (Starchy staples),1018.75944,1705.700449
Nigeria,"Legumes, Nuts & Seeds",63.74428214,221.2517315
Nigeria,Meats,45.63257881,45.77397035
Nigeria,Miscellaneous,,
Nigeria,Spices,7.138986076,22.45704307
Nigeria,Sugars,13.66895847,47.36192493
Nigeria,Vegetables,147.5078469,39.55031569
North Macedonia,Alcohol,180.7242611,111.5793696
North Macedonia,Dairy,374.6681004,175.5564767
North Macedonia,Fats & Oils,15.58356164,130.4361371
North Macedonia,Fruits,502.0638356,185.9602521
North Macedonia,Grains (Starchy staples),413.8715942,852.3165275
North Macedonia,"Legumes, Nuts & Seeds",33.08692254,102.7531532
North Macedonia,Meats,52.31311155,79.07142857
North Macedonia,Miscellaneous,,
North Macedonia,Spices,7.86223092,18.91428571
North Macedonia,Sugars,15.36675878,52.54506438
North Macedonia,Vegetables,572.7135703,146.4092202
Norway,Alcohol,133.0155251,81.6
Norway,Dairy,751.5498859,381.9418209
Norway,Fats & Oils,21.39749784,179.6104196
Norway,Fruits,19.99758196,6.647754137
Norway,Grains (Starchy staples),305.2549653,675.5783803
Norway,"Legumes, Nuts & Seeds",0.636664812,1.932966277
Norway,Meats,593.2344663,886.2821649
Norway,Miscellaneous,,
Norway,Spices,0,0
Norway,Sugars,2.981877689,8.831599229
Norway,Vegetables,104.4816228,29.63856613
Oman,Alcohol,0,0
Oman,Dairy,140.4257071,93.27736318
Oman,Fats & Oils,3.40530822,29.64375
Oman,Fruits,340.4736962,197.3937458
Oman,Grains (Starchy staples),30.7279985,83.592
Oman,"Legumes, Nuts & Seeds",0,0
Oman,Meats,189.8672461,240.3774713
Oman,Miscellaneous,,
Oman,Spices,0,0
Oman,Sugars,0.843194913,2.839441536
Oman,Vegetables,197.5049873,55.04466019
Pakistan,Alcohol,0.17490411,0
Pakistan,Dairy,485.8169588,310.1497509
Pakistan,Fats & Oils,22.60031855,183.3243987
Pakistan,Fruits,102.1833847,45.32907872
Pakistan,Grains (Starchy staples),485.2142767,1341.832553
Pakistan,"Legumes, Nuts & Seeds",19.09054903,63.47874429
Pakistan,Meats,64.35163618,93.43757956
Pakistan,Miscellaneous,,
Pakistan,Spices,3.285458077,7.526736441
Pakistan,Sugars,131.2570402,285.0528922
Pakistan,Vegetables,68.03689796,21.52958232
Panama,Alcohol,198.4672916,92.14035088
Panama,Dairy,143.2067326,138.2641956
Panama,Fats & Oils,22.65870842,191.3068783
Panama,Fruits,328.848726,102.4797297
Panama,Grains (Starchy staples),185.1325104,471.4912604
Panama,"Legumes, Nuts & Seeds",13.16586341,38.43065693
Panama,Meats,271.8619503,317.5918738
Panama,Miscellaneous,,
Panama,Spices,9.494396015,16.18181818
Panama,Sugars,96.8301455,343.5728919
Panama,Vegetables,72.37052001,28.17357259
Paraguay,Alcohol,67.67927359,47.66213314
Paraguay,Dairy,198.5738447,127.2073507
Paraguay,Fats & Oils,161.4559907,1368.969526
Paraguay,Fruits,217.6185135,66.01655934
Paraguay,Grains (Starchy staples),1207.274059,2167.31302
Paraguay,"Legumes, Nuts & Seeds",79.13227855,305.0883029
Paraguay,Meats,310.1872743,464.722485
Paraguay,Miscellaneous,,
Paraguay,Spices,30.38496336,22.6744186
Paraguay,Sugars,71.55614197,255.4425964
Paraguay,Vegetables,85.38488863,19.46766021
Peru,Alcohol,125.6177316,67.61378205
Peru,Dairy,153.5953805,91.45475372
Peru,Fats & Oils,16.92051012,145.3366206
Peru,Fruits,226.9477188,96.57126992
Peru,Grains (Starchy staples),607.0478376,1188.502047
Peru,"Legumes, Nuts & Seeds",25.25318408,82.42569799
Peru,Meats,516.4474799,604.9017224
Peru,Miscellaneous,,
Peru,Spices,44.42522513,102.6727092
Peru,Sugars,62.00043312,221.1332568
Peru,Vegetables,204.3565876,70.90508726
Philippines,Alcohol,40.5723121,46.0039604
Philippines,Dairy,0.467795209,0.194748603
Philippines,Fats & Oils,34.94199234,284.7291923
Philippines,Fruits,390.8769575,187.2122397
Philippines,Grains (Starchy staples),420.4393949,1226.820313
Philippines,"Legumes, Nuts & Seeds",22.94072578,46.19787535
Philippines,Meats,191.4802713,298.8425798
Philippines,Miscellaneous,,
Philippines,Spices,3.520513089,3.498727735
Philippines,Sugars,66.67263551,228.7766101
Philippines,Vegetables,165.9865526,46.41623762
Poland,Alcohol,308.8396992,184.2750628
Poland,Dairy,650.148641,317.8256426
Poland,Fats & Oils,54.50781879,442.273873
Poland,Fruits,251.3837708,95.79133247
Poland,Grains (Starchy staples),748.3204046,1442.746652
Poland,"Legumes, Nuts & Seeds",13.278195,38.35262147
Poland,Meats,315.8373715,539.773221
Poland,Miscellaneous,,
Poland,Spices,0,0
Poland,Sugars,121.1487039,428.681939
Poland,Vegetables,306.5881756,77.17242836
Portugal,Alcohol,353.9792567,280.0862475
Portugal,Dairy,479.6091768,213.4926708
Portugal,Fats & Oils,63.61182006,521.86461
Portugal,Fruits,475.9684556,179.8056556
Portugal,Grains (Starchy staples),153.9257372,318.9251793
Portugal,"Legumes, Nuts & Seeds",8.644210362,21.08429696
Portugal,Meats,286.9048122,345.9509636
Portugal,Miscellaneous,,
Portugal,Spices,0,0
Portugal,Sugars,6.072983438,19.91686461
Portugal,Vegetables,327.6472747,83.1948665
Republic of Korea,Alcohol,217.1337653,142.9623517
Republic of Korea,Dairy,53.43728193,27.90503577
Republic of Korea,Fats & Oils,17.32590524,149.5307942
Republic of Korea,Fruits,150.4084072,57.16870915
Republic of Korea,Grains (Starchy staples),109.5110649,345.8356171
Republic of Korea,"Legumes, Nuts & Seeds",6.320005765,18.65269122
Republic of Korea,Meats,265.9965915,316.0252081
Republic of Korea,Miscellaneous,,
Republic of Korea,Spices,0.407650392,0.593343899
Republic of Korea,Sugars,38.73901541,127.6350812
Republic of Korea,Vegetables,553.6171789,169.7402817
Republic of Moldova,Alcohol,194.9577971,143.959596
Republic of Moldova,Dairy,390.6619734,307.8826203
Republic of Moldova,Fats & Oils,71.37128995,595.2604167
Republic of Moldova,Fruits,249.4093025,97.84261036
Republic of Moldova,Grains (Starchy staples),632.2598705,1355.46182
Republic of Moldova,"Legumes, Nuts & Seeds",14.8979764,53.09364978
Republic of Moldova,Meats,123.3470383,173.8729965
Republic of Moldova,Miscellaneous,,
Republic of Moldova,Spices,0,0
Republic of Moldova,Sugars,70.54510423,226.1878103
Republic of Moldova,Vegetables,220.5019447,63.61096408
Romania,Alcohol,272.285602,154.6481638
Romania,Dairy,621.6970586,409.8862867
Romania,Fats & Oils,44.88086579,377.0854093
Romania,Fruits,257.9154821,95.29314418
Romania,Grains (Starchy staples),927.6426273,1841.262247
Romania,"Legumes, Nuts & Seeds",27.37115607,81.28342575
Romania,Meats,163.6994882,231.7598951
Romania,Miscellaneous,,
Romania,Spices,6.768868232,16.4922619
Romania,Sugars,48.29368956,168.5958321
Romania,Vegetables,347.6458064,88.8680319
Russian Federation,Alcohol,220.6010901,165.2408995
Russian Federation,Dairy,428.5303291,265.5710601
Russian Federation,Fats & Oils,48.53404717,406.1585586
Russian Federation,Fruits,92.22587673,33.97234261
Russian Federation,Grains (Starchy staples),834.5816462,1596.486688
Russian Federation,"Legumes, Nuts & Seeds",12.69863199,38.14098301
Russian Federation,Meats,270.2194875,371.9328914
Russian Federation,Miscellaneous,,
Russian Federation,Spices,0.168066551,0.22987966
Russian Federation,Sugars,127.5192025,418.9736124
Russian Federation,Vegetables,196.2684353,53.27386346
Rwanda,Alcohol,40.9347232,32.79668639
Rwanda,Dairy,49.08048308,31.30021142
Rwanda,Fats & Oils,1.167390578,10.24390244
Rwanda,Fruits,862.8465346,510.6010804
Rwanda,Grains (Starchy staples),1380.098857,1663.92129
Rwanda,"Legumes, Nuts & Seeds",99.28063401,343.5364777
Rwanda,Meats,27.60736555,36.31691395
Rwanda,Miscellaneous,,
Rwanda,Spices,11.83688092,13.66153846
Rwanda,Sugars,10.58215992,37.98232558
Rwanda,Vegetables,122.9466712,25.51331828
Saint Kitts and Nevis,Alcohol,89.20547945,68.66666667
Saint Kitts and Nevis,Dairy,0,0
Saint Kitts and Nevis,Fats & Oils,39.63287672,335.4
Saint Kitts and Nevis,Fruits,105.0884184,34.09090909
Saint Kitts and Nevis,Grains (Starchy staples),28.9743462,66.78181818
Saint Kitts and Nevis,"Legumes, Nuts & Seeds",47.1890411,122.4
Saint Kitts and Nevis,Meats,264.4383562,325.375
Saint Kitts and Nevis,Miscellaneous,,
Saint Kitts and Nevis,Spices,,
Saint Kitts and Nevis,Sugars,0,0
Saint Kitts and Nevis,Vegetables,59.58447489,16.5
Saint Lucia,Alcohol,237.8288964,178.5056604
Saint Lucia,Dairy,15.04990215,10.10714286
Saint Lucia,Fats & Oils,0,0
Saint Lucia,Fruits,337.0842897,125.4054054
Saint Lucia,Grains (Starchy staples),70.5750846,162.1847059
Saint Lucia,"Legumes, Nuts & Seeds",36.42739726,93.94285714
Saint Lucia,Meats,96.03287672,146.1272727
Saint Lucia,Miscellaneous,,
Saint Lucia,Spices,,
Saint Lucia,Sugars,0,0
Saint Lucia,Vegetables,42.91019787,13.77777778
Saint Vincent and the Grenadines,Alcohol,86.10930065,106.4842105
Saint Vincent and the Grenadines,Dairy,24.45644869,13.73584906
Saint Vincent and the Grenadines,Fats & Oils,0,0
Saint Vincent and the Grenadines,Fruits,468.1775149,177.3638767
Saint Vincent and the Grenadines,Grains (Starchy staples),267.1239872,574.8765957
Saint Vincent and the Grenadines,"Legumes, Nuts & Seeds",30.12915851,92.05714286
Saint Vincent and the Grenadines,Meats,276.9330159,376.1940984
Saint Vincent and the Grenadines,Miscellaneous,,
Saint Vincent and the Grenadines,Spices,127.0684932,417.6
Saint Vincent and the Grenadines,Sugars,96.74537279,344.1755725
Saint Vincent and the Grenadines,Vegetables,128.2130137,36.95625
Samoa,Alcohol,77.19053549,36.63636364
Samoa,Dairy,20.54292238,12.01666667
Samoa,Fats & Oils,54.96575343,450.625
Samoa,Fruits,523.033843,232.4746888
Samoa,Grains (Starchy staples),331.7217933,487.2636364
Samoa,"Legumes, Nuts & Seeds",514.4890211,595.8121951
Samoa,Meats,195.7865435,296.6651934
Samoa,Miscellaneous,,
Samoa,Spices,4.411872146,4.333333333
Samoa,Sugars,0,0
Samoa,Vegetables,14.54490107,4.333333333
Sao Tome and Principe,Alcohol,0,0
Sao Tome and Principe,Dairy,0,0
Sao Tome and Principe,Fats & Oils,19.92992069,174.6105263
Sao Tome and Principe,Fruits,534.0246196,301.4608295
Sao Tome and Principe,Grains (Starchy staples),206.3160778,459.9473684
Sao Tome and Principe,"Legumes, Nuts & Seeds",397.7880689,417.6290323
Sao Tome and Principe,Meats,93.87995019,108.5090909
Sao Tome and Principe,Miscellaneous,,
Sao Tome and Principe,Spices,20.76438355,31.2
Sao Tome and Principe,Sugars,0,0
Sao Tome and Principe,Vegetables,75.2612887,18.7037037
Saudi Arabia,Alcohol,,
Saudi Arabia,Dairy,194.535532,124.1491726
Saudi Arabia,Fats & Oils,10.093024,87.56245376
Saudi Arabia,Fruits,199.7223674,142.4666021
Saudi Arabia,Grains (Starchy staples),58.45903845,182.3145013
Saudi Arabia,"Legumes, Nuts & Seeds",0.585341372,1.744715829
Saudi Arabia,Meats,106.0042125,140.9761223
Saudi Arabia,Miscellaneous,,
Saudi Arabia,Spices,0,0
Saudi Arabia,Sugars,0,0
Saudi Arabia,Vegetables,161.5315536,45.76067501
Senegal,Alcohol,3.209258384,1.634482759
Senegal,Dairy,38.93451677,25.44132231
Senegal,Fats & Oils,29.98846845,263.375
Senegal,Fruits,70.93757355,23.49870354
Senegal,Grains (Starchy staples),268.3656896,771.8781362
Senegal,"Legumes, Nuts & Seeds",28.68997817,112.0670814
Senegal,Meats,138.3997294,143.0416226
Senegal,Miscellaneous,,
Senegal,Spices,0.852054794,1.5
Senegal,Sugars,39.26980346,137.6779758
Senegal,Vegetables,104.1793784,33.57765095
Serbia,Alcohol,238.5852096,183.3576674
Serbia,Dairy,417.3150277,240.3887503
Serbia,Fats & Oils,50.24288725,424.2115385
Serbia,Fruits,330.9285256,136.0345452
Serbia,Grains (Starchy staples),630.1742215,1468.177444
Serbia,"Legumes, Nuts & Seeds",32.38419679,110.5718636
Serbia,Meats,177.1012012,346.7210968
Serbia,Miscellaneous,,
Serbia,Spices,1.448436288,2.698113208
Serbia,Sugars,89.18622023,313.4075556
Serbia,Vegetables,268.4245362,69.47817998
Sierra Leone,Alcohol,115.8804452,49.1728125
Sierra Leone,Dairy,12.57166224,7.661691542
Sierra Leone,Fats & Oils,33.24668349,292.1082237
Sierra Leone,Fruits,95.45829555,31.12298456
Sierra Leone,Grains (Starchy staples),751.6584067,1576.844286
Sierra Leone,"Legumes, Nuts & Seeds",47.99819534,184.537583
Sierra Leone,Meats,119.5061295,100.0820664
Sierra Leone,Miscellaneous,,
Sierra Leone,Spices,9.197725511,16.55660377
Sierra Leone,Sugars,11.56127989,40.21845018
Sierra Leone,Vegetables,132.7648458,30.1908313
Slovakia,Alcohol,163.0589504,109.2021505
Slovakia,Dairy,374.1780702,183.7658141
Slovakia,Fats & Oils,42.45381282,324.6771481
Slovakia,Fruits,65.48332718,23.42033015
Slovakia,Grains (Starchy staples),536.9636673,1132.393856
Slovakia,"Legumes, Nuts & Seeds",35.55721402,101.4107792
Slovakia,Meats,125.3607993,177.0586022
Slovakia,Miscellaneous,,
Slovakia,Spices,0,0
Slovakia,Sugars,139.6503153,438.720243
Slovakia,Vegetables,81.95128338,21.23507014
Slovenia,Alcohol,279.359513,158.8765657
Slovenia,Dairy,763.0800253,371.5279805
Slovenia,Fats & Oils,19.02139703,156.2975207
Slovenia,Fruits,239.3629057,103.8891429
Slovenia,Grains (Starchy staples),352.4464279,803.904
Slovenia,"Legumes, Nuts & Seeds",18.03460707,56.73684211
Slovenia,Meats,216.2035903,289.3981949
Slovenia,Miscellaneous,,
Slovenia,Spices,1.318661577,3.155737705
Slovenia,Sugars,10.86179896,34.26871401
Slovenia,Vegetables,79.47528217,21.85308176
Solomon Islands,Alcohol,30.08219178,13.6
Solomon Islands,Dairy,5.506849315,3.409090909
Solomon Islands,Fats & Oils,43.38059361,361.8583333
Solomon Islands,Fruits,139.5099804,59.51298701
Solomon Islands,Grains (Starchy staples),896.809273,1278.153846
Solomon Islands,"Legumes, Nuts & Seeds",292.7652094,401.8887451
Solomon Islands,Meats,201.9068493,237.64375
Solomon Islands,Miscellaneous,,
Solomon Islands,Spices,39.12328767,71.4
Solomon Islands,Sugars,0,0
Solomon Islands,Vegetables,39.84511415,9.077333333
South Africa,Alcohol,214.503134,154.1274756
South Africa,Dairy,159.45792,88.39574286
South Africa,Fats & Oils,15.8492246,138.8832475
South Africa,Fruits,208.9037164,75.76862333
South Africa,Grains (Starchy staples),547.8404121,1503.931172
South Africa,"Legumes, Nuts & Seeds",14.51664906,47.58145561
South Africa,Meats,202.3174865,347.8618386
South Africa,Miscellaneous,,
South Africa,Spices,0.86390047,1.241223833
South Africa,Sugars,96.8176074,322.0547188
South Africa,Vegetables,97.8862387,33.46059252
Spain,Alcohol,350.3124763,204.152691
Spain,Dairy,334.9150865,183.6204065
Spain,Fats & Oils,79.83382165,689.2740058
Spain,Fruits,549.4523696,187.1415213
Spain,Grains (Starchy staples),303.4094217,589.3732801
Spain,"Legumes, Nuts & Seeds",33.99998089,85.81901988
Spain,Meats,452.9166897,561.4004041
Spain,Miscellaneous,,
Spain,Spices,0.68749523,0.936327459
Spain,Sugars,69.58290176,245.2958641
Spain,Vegetables,398.9859396,114.8356078
Sri Lanka,Alcohol,12.490961,7.510133843
Sri Lanka,Dairy,30.17173089,19.57677054
Sri Lanka,Fats & Oils,3.105140986,27.05121294
Sri Lanka,Fruits,33.38831083,14.21443053
Sri Lanka,Grains (Starchy staples),441.0707392,1222.553907
Sri Lanka,"Legumes, Nuts & Seeds",217.5269873,380.4554225
Sri Lanka,Meats,76.3592908,73.64714715
Sri Lanka,Miscellaneous,,
Sri Lanka,Spices,52.65645659,128.5733737
Sri Lanka,Sugars,87.33664923,179.5403822
Sri Lanka,Vegetables,82.97195296,31.04232421
Sudan,Alcohol,20.54794521,19.5
Sudan,Dairy,164.5376921,304.9589257
Sudan,Fats & Oils,7.956549519,174.0495208
Sudan,Fruits,101.435143,134.1795302
Sudan,Grains (Starchy staples),113.4956938,755.9964292
Sudan,"Legumes, Nuts & Seeds",18.74032272,181.5242331
Sudan,Meats,37.19202715,173.6792305
Sudan,Miscellaneous,,
Sudan,Spices,0.291952055,0.9375
Sudan,Sugars,44.75640101,327.151084
Sudan,Vegetables,73.63173457,59.26533228
Sudan (former),Alcohol,32.27096748,14.68573025
Sudan (former),Dairy,273.8890372,253.1817061
Sudan (former),Fats & Oils,7.969041097,86.81875
Sudan (former),Fruits,108.3006494,73.21222527
Sudan (former),Grains (Starchy staples),162.8221789,596.1452208
Sudan (former),"Legumes, Nuts & Seeds",21.22708885,106.5553471
Sudan (former),Meats,51.58639018,118.2290397
Sudan (former),Miscellaneous,,
Sudan (former),Spices,0.330924388,0.43503937
Sudan (former),Sugars,50.31430895,174.1581187
Sudan (former),Vegetables,84.15204156,33.15877319
Suriname,Alcohol,133.8065753,79.02
Suriname,Dairy,31.11813055,18.07058824
Suriname,Fats & Oils,2.293289993,20.10508475
Suriname,Fruits,471.8206393,163.3133333
Suriname,Grains (Starchy staples),478.8358398,1178.315021
Suriname,"Legumes, Nuts & Seeds",15.87540202,50.35217391
Suriname,Meats,184.8829856,249.0515901
Suriname,Miscellaneous,,
Suriname,Spices,0,0
Suriname,Sugars,114.9464742,368.190604
Suriname,Vegetables,69.59069768,25.46511628
Sweden,Alcohol,177.2713256,116.1130359
Sweden,Dairy,866.408357,412.397022
Sweden,Fats & Oils,22.41370839,184.9979216
Sweden,Fruits,16.03933528,4.892704918
Sweden,Grains (Starchy staples),458.6213887,921.3306101
Sweden,"Legumes, Nuts & Seeds",17.30459414,48.4268617
Sweden,Meats,236.0768994,318.5327165
Sweden,Miscellaneous,,
Sweden,Spices,0,0
Sweden,Sugars,110.2072336,394.6704259
Sweden,Vegetables,89.20347777,25.17091837
Switzerland,Alcohol,162.3446188,103.5756309
Switzerland,Dairy,924.4847096,432.7735099
Switzerland,Fats & Oils,36.88550719,297.8470886
Switzerland,Fruits,154.075333,59.55905947
Switzerland,Grains (Starchy staples),216.5195076,425.5134024
Switzerland,"Legumes, Nuts & Seeds",13.97208781,40.14763052
Switzerland,Meats,186.653675,348.8313964
Switzerland,Miscellaneous,,
Switzerland,Spices,0,0
Switzerland,Sugars,146.7194276,517.4040949
Switzerland,Vegetables,123.3536669,30.98638373
Tajikistan,Alcohol,1.018795795,1.465116279
Tajikistan,Dairy,145.0604604,93.60082965
Tajikistan,Fats & Oils,5.860376288,51.63485477
Tajikistan,Fruits,219.4050489,67.25599214
Tajikistan,Grains (Starchy staples),342.6511926,855.1339586
Tajikistan,"Legumes, Nuts & Seeds",8.277184298,29.5697479
Tajikistan,Meats,58.61965045,102.3605364
Tajikistan,Spices,0,0
Tajikistan,Sugars,0.61816553,2.199847909
Tajikistan,Vegetables,335.9581667,89.02786634
Thailand,Alcohol,112.4317389,127.7328795
Thailand,Dairy,37.88926336,21.50146554
Thailand,Fats & Oils,25.89363752,226.5043565
Thailand,Fruits,425.9404757,165.3948037
Thailand,Grains (Starchy staples),860.1535298,2714.571305
Thailand,"Legumes, Nuts & Seeds",26.5349413,59.32243298
Thailand,Meats,239.2436073,373.5017001
Thailand,Miscellaneous,,
Thailand,Spices,18.372787,44.94159292
Thailand,Sugars,263.152691,456.0278508
Thailand,Vegetables,136.8071252,36.3784145
Timor-Leste,Alcohol,0,0
Timor-Leste,Dairy,2.485629869,0.941176471
Timor-Leste,Fats & Oils,2.207762558,19.13888889
Timor-Leste,Fruits,44.0874982,24.47368421
Timor-Leste,Grains (Starchy staples),547.5612794,1295.461197
Timor-Leste,"Legumes, Nuts & Seeds",42.06849314,157.5
Timor-Leste,Meats,95.70458118,167.5081967
Timor-Leste,Miscellaneous,,
Timor-Leste,Spices,35.57260274,35.4
Timor-Leste,Sugars,0.494263699,1.575
Timor-Leste,Vegetables,72.62021474,18.50810811
Togo,Alcohol,30.3255896,14.72164948
Togo,Dairy,8.238490905,4.68852459
Togo,Fats & Oils,15.58337114,137.0937086
Togo,Fruits,26.60578809,8.983015598
Togo,Grains (Starchy staples),889.3828617,1664.1903
Togo,"Legumes, Nuts & Seeds",56.03148564,217.4551084
Togo,Meats,42.65592264,50.21568627
Togo,Miscellaneous,,
Togo,Spices,30.22536456,72.01612903
Togo,Sugars,0,0
Togo,Vegetables,53.03198908,14.62131837
Trinidad and Tobago,Alcohol,112.8653231,81.75706806
Trinidad and Tobago,Dairy,9.838029333,5.881590574
Trinidad and Tobago,Fats & Oils,3.845810768,32.70348837
Trinidad and Tobago,Fruits,145.9327552,52.22616541
Trinidad and Tobago,Grains (Starchy staples),29.56759442,68.33046729
Trinidad and Tobago,"Legumes, Nuts & Seeds",22.62259668,62.21946903
Trinidad and Tobago,Meats,159.4077149,202.2384615
Trinidad and Tobago,Miscellaneous,,
Trinidad and Tobago,Spices,2.975061468,6.138461538
Trinidad and Tobago,Sugars,0,0
Trinidad and Tobago,Vegetables,25.68617945,9.042931937
Tunisia,Alcohol,31.63881947,16.80650407
Tunisia,Dairy,275.6820451,152.6225621
Tunisia,Fats & Oils,48.00666011,418.6116022
Tunisia,Fruits,560.0267446,168.5569904
Tunisia,Grains (Starchy staples),310.8565194,818.9816278
Tunisia,"Legumes, Nuts & Seeds",37.88211541,121.0404181
Tunisia,Meats,126.7686611,157.3284629
Tunisia,Miscellaneous,,
Tunisia,Spices,7.085589041,11.904
Tunisia,Sugars,3.601682934,12.69493278
Tunisia,Vegetables,410.2900799,107.2198731
Turkey,Alcohol,42.94535699,29.45529954
Turkey,Dairy,463.1749639,269.0411163
Turkey,Fats & Oils,49.88578526,428.4227505
Turkey,Fruits,719.4841298,251.3330753
Turkey,Grains (Starchy staples),754.2099175,1808.590767
Turkey,"Legumes, Nuts & Seeds",62.8787129,197.3104579
Turkey,Meats,134.7943728,174.3460065
Turkey,Miscellaneous,,
Turkey,Spices,13.66804326,18.3439528
Turkey,Sugars,88.777165,313.8585519
Turkey,Vegetables,413.9334432,98.2985469
Turkmenistan,Alcohol,21.20213519,13.98685446
Turkmenistan,Dairy,383.1356607,227.8935855
Turkmenistan,Fats & Oils,24.42742541,212.1232877
Turkmenistan,Fruits,317.7258623,101.7297534
Turkmenistan,Grains (Starchy staples),501.8585318,1297.61646
Turkmenistan,"Legumes, Nuts & Seeds",0.740753164,1.619011407
Turkmenistan,Meats,185.8603028,391.0470813
Turkmenistan,Spices,0,0
Turkmenistan,Sugars,17.28213135,62.15735294
Turkmenistan,Vegetables,244.7334316,60.24063745
Uganda,Alcohol,215.2579269,86.25215894
Uganda,Dairy,104.9758191,65.97165265
Uganda,Fats & Oils,12.10896832,106.6561384
Uganda,Fruits,50.07158174,27.63171729
Uganda,Grains (Starchy staples),846.3391755,1199.477318
Uganda,"Legumes, Nuts & Seeds",89.47928407,329.4525899
Uganda,Meats,80.58790005,116.761139
Uganda,Miscellaneous,,
Uganda,Spices,23.82824751,20.54482759
Uganda,Sugars,40.00114325,100.1081385
Uganda,Vegetables,68.61596687,17.53197722
Ukraine,Alcohol,222.6666229,188.5093089
Ukraine,Dairy,465.3736503,276.7149097
Ukraine,Fats & Oils,162.6337648,1367.654443
Ukraine,Fruits,226.1896738,74.22053655
Ukraine,Grains (Starchy staples),1075.209212,1883.171555
Ukraine,"Legumes, Nuts & Seeds",13.85292516,45.57305466
Ukraine,Meats,199.0555516,273.7288874
Ukraine,Miscellaneous,,
Ukraine,Spices,0.57077502,0.689580514
Ukraine,Sugars,129.0900438,436.7205377
Ukraine,Vegetables,306.2180176,83.57955779
United Arab Emirates,Alcohol,0,0
United Arab Emirates,Dairy,44.19271498,27.49804211
United Arab Emirates,Fats & Oils,23.9722321,204.790128
United Arab Emirates,Fruits,100.4594642,48.81826098
United Arab Emirates,Grains (Starchy staples),14.11864081,41.97578056
United Arab Emirates,"Legumes, Nuts & Seeds",0.103423379,0.299870745
United Arab Emirates,Meats,70.93515564,82.42655354
United Arab Emirates,Miscellaneous,,
United Arab Emirates,Spices,0,0
United Arab Emirates,Sugars,0,0
United Arab Emirates,Vegetables,31.21446473,10.46676326
United Kingdom,Alcohol,235.8331947,139.6682726
United Kingdom,Dairy,530.5984296,281.7885814
United Kingdom,Fats & Oils,35.22509897,305.5733009
United Kingdom,Fruits,21.19017979,7.48801862
United Kingdom,Grains (Starchy staples),540.5469542,981.4421126
United Kingdom,"Legumes, Nuts & Seeds",18.66296216,60.66847826
United Kingdom,Meats,211.0290518,355.5440696
United Kingdom,Miscellaneous,,
United Kingdom,Spices,0,0
United Kingdom,Sugars,92.6644922,325.9690969
United Kingdom,Vegetables,99.04744171,29.01710914
United Republic of Tanzania,Alcohol,185.2191429,64.00212605
United Republic of Tanzania,Dairy,105.5916495,55.67048346
United Republic of Tanzania,Fats & Oils,12.79420757,111.8327366
United Republic of Tanzania,Fruits,205.4566827,99.55179726
United Republic of Tanzania,Grains (Starchy staples),741.8660777,1309.336857
United Republic of Tanzania,"Legumes, Nuts & Seeds",124.8934318,396.3437179
United Republic of Tanzania,Meats,52.53030962,71.73706535
United Republic of Tanzania,Miscellaneous,,
United Republic of Tanzania,Spices,6.776532082,10.14342105
United Republic of Tanzania,Sugars,45.87670909,103.0196822
United Republic of Tanzania,Vegetables,101.4069299,25.12941176
United States of America,Alcohol,228.6482348,141.4577941
United States of America,Dairy,721.5487794,384.6687474
United States of America,Fats & Oils,95.96584925,779.1397724
United States of America,Fruits,309.0171602,103.5261481
United States of America,Grains (Starchy staples),533.7144055,1065.585452
United States of America,"Legumes, Nuts & Seeds",62.11282732,224.907215
United States of America,Meats,448.8462232,554.2260298
United States of America,Miscellaneous,,
United States of America,Spices,0.03827304,0.048359133
United States of America,Sugars,169.7452705,581.4511153
United States of America,Vegetables,187.7838146,46.22046125
Uruguay,Alcohol,139.5701541,82.90415704
Uruguay,Dairy,1171.006081,651.7792148
Uruguay,Fats & Oils,68.79428435,586.5017241
Uruguay,Fruits,291.1339468,104.2962842
Uruguay,Grains (Starchy staples),1228.099537,2631.674767
Uruguay,"Legumes, Nuts & Seeds",252.6785539,607.3664303
Uruguay,Meats,585.4029218,987.2913237
Uruguay,Miscellaneous,,
Uruguay,Spices,0,0
Uruguay,Sugars,83.93568853,294.0684211
Uruguay,Vegetables,95.75236911,29.03067485
Uzbekistan,Alcohol,33.02832243,39.92902077
Uzbekistan,Dairy,365.1989695,221.0828758
Uzbekistan,Fats & Oils,22.80753598,191.0025189
Uzbekistan,Fruits,462.6386141,158.8792551
Uzbekistan,Grains (Starchy staples),536.8470901,1270.303959
Uzbekistan,"Legumes, Nuts & Seeds",3.495712792,11.05140698
Uzbekistan,Meats,108.8067848,222.7415946
Uzbekistan,Miscellaneous,,
Uzbekistan,Spices,0.62059412,0.826966292
Uzbekistan,Sugars,0.201222339,0.715076923
Uzbekistan,Vegetables,473.1609032,134.2597865
Vanuatu,Alcohol,0,0
Vanuatu,Dairy,38.30888454,27.97714286
Vanuatu,Fats & Oils,65.76255706,552.2666667
Vanuatu,Fruits,213.4905063,114.8521739
Vanuatu,Grains (Starchy staples),517.8658119,810.064133
Vanuatu,"Legumes, Nuts & Seeds",505.112915,654.6701774
Vanuatu,Meats,347.8316348,560.4221453
Vanuatu,Miscellaneous,,
Vanuatu,Spices,29.16986301,86.4
Vanuatu,Sugars,0,0
Vanuatu,Vegetables,132.4776793,30.20294118
Venezuela (Bolivarian Republic of),Alcohol,205.1247123,99.62744747
Venezuela (Bolivarian Republic of),Dairy,207.9896676,95.50439771
Venezuela (Bolivarian Republic of),Fats & Oils,15.1558014,130.9721908
Venezuela (Bolivarian Republic of),Fruits,183.4452285,63.68884928
Venezuela (Bolivarian Republic of),Grains (Starchy staples),272.9233914,604.7150828
Venezuela (Bolivarian Republic of),"Legumes, Nuts & Seeds",10.3488687,34.24508887
Venezuela (Bolivarian Republic of),Meats,204.0627649,245.1163649
Venezuela (Bolivarian Republic of),Miscellaneous,,
Venezuela (Bolivarian Republic of),Spices,8.335220127,7.329245283
Venezuela (Bolivarian Republic of),Sugars,105.1303505,379.7889427
Venezuela (Bolivarian Republic of),Vegetables,115.4143452,30.94924807
Viet Nam,Alcohol,42.5131841,39.12923861
Viet Nam,Dairy,11.62381288,7.009864402
Viet Nam,Fats & Oils,5.540477135,45.02197419
Viet Nam,Fruits,192.3369134,85.69900564
Viet Nam,Grains (Starchy staples),662.6203012,2119.461312
Viet Nam,"Legumes, Nuts & Seeds",57.01202561,173.5104781
Viet Nam,Meats,280.5237632,530.0917167
Viet Nam,Spices,53.59040734,125.6463436
Viet Nam,Sugars,57.99116585,100.5318552
Viet Nam,Vegetables,292.9327142,70.68525967
Yemen,Alcohol,1.254794521,0.6
Yemen,Dairy,41.45509562,18.6247531
Yemen,Fats & Oils,3.006034526,26.41263941
Yemen,Fruits,139.2438194,59.10726662
Yemen,Grains (Starchy staples),121.2802715,351.97024
Yemen,"Legumes, Nuts & Seeds",12.81265284,45.99132893
Yemen,Meats,69.8425411,110.173432
Yemen,Miscellaneous,,
Yemen,Spices,2.280398872,4.208088235
Yemen,Sugars,0.97298766,3.423966942
Yemen,Vegetables,63.72192971,17.24869565
Zambia,Alcohol,77.89004964,31.66167576
Zambia,Dairy,16.8011679,9.371153846
Zambia,Fats & Oils,4.09431413,35.54840183
Zambia,Fruits,25.79719871,9.519101124
Zambia,Grains (Starchy staples),723.4742953,1620.623519
Zambia,"Legumes, Nuts & Seeds",47.02222222,189.1111111
Zambia,Meats,64.55554818,84.76782007
Zambia,Miscellaneous,,
Zambia,Spices,2.25728518,3.972727273
Zambia,Sugars,30.52803589,107.0965349
Zambia,Vegetables,65.36229949,18.00999445
Zimbabwe,Alcohol,94.4892638,68.19284823
Zimbabwe,Dairy,73.45989892,42.11268781
Zimbabwe,Fats & Oils,14.67583562,126.168
Zimbabwe,Fruits,48.68762646,19.25586924
Zimbabwe,Grains (Starchy staples),270.646984,731.0617757
Zimbabwe,"Legumes, Nuts & Seeds",18.38135238,73.33105893
Zimbabwe,Meats,60.78705453,90.48002177
Zimbabwe,Miscellaneous,,
Zimbabwe,Spices,6.457080911,13.05323741
Zimbabwe,Sugars,71.36233553,240.1519731
Zimbabwe,Vegetables,35.95045303,9.88011811
